<?xml version="1.0" encoding="UTF-8"?>
<gpx creator="StravaGPX" version="1.1" xmlns="http://www.topografix.com/GPX/1/1" xmlns:xsi="http://www.w3.org/2001/XMLSchema-instance" xsi:schemaLocation="http://www.topografix.com/GPX/1/1 http://www.topografix.com/GPX/1/1/gpx.xsd">
 <metadata>
  <name>The Summit Leg Breaker</name>
  <author>
   <name>Jonathan Devoy</name>
   <link href="https://www.strava.com/athletes/96164537"/>
  </author>
  <copyright author="OpenStreetMap contributors">
   <year>2020</year>
   <license>https://www.openstreetmap.org/copyright</license>
  </copyright>
  <link href="https://www.strava.com/routes/3521439880525031906"/>
 </metadata>
 <trk>
  <name>The Summit Leg Breaker</name>
  <link href="https://www.strava.com/routes/3521439880525031906"/>
  <type>cycling</type>
  <trkseg>
   <trkpt lat="-33.94928" lon="25.54578">
    <ele>115.72</ele>
   </trkpt>
   <trkpt lat="-33.94920000316608" lon="25.54489499916509">
    <ele>116.67</ele>
   </trkpt>
   <trkpt lat="-33.94912" lon="25.544010000000004">
    <ele>116.47</ele>
   </trkpt>
   <trkpt lat="-33.9491" lon="25.543950000000002">
    <ele>116.47</ele>
   </trkpt>
   <trkpt lat="-33.94877" lon="25.543400000000002">
    <ele>115.9</ele>
   </trkpt>
   <trkpt lat="-33.94945666951744" lon="25.542806676237408">
    <ele>121.03000000000002</ele>
   </trkpt>
   <trkpt lat="-33.950143336188496" lon="25.542213342900443">
    <ele>122.94000000000001</ele>
   </trkpt>
   <trkpt lat="-33.95083" lon="25.54162">
    <ele>121.04</ele>
   </trkpt>
   <trkpt lat="-33.95069002207184" lon="25.540574991387665">
    <ele>120.22</ele>
   </trkpt>
   <trkpt lat="-33.95055003531392" lon="25.539529986213125">
    <ele>120.67000000000002</ele>
   </trkpt>
   <trkpt lat="-33.9504100397263" lon="25.538484984476572">
    <ele>121.44</ele>
   </trkpt>
   <trkpt lat="-33.95027003530909" lon="25.537439986178196">
    <ele>123.18</ele>
   </trkpt>
   <trkpt lat="-33.95013002206235" lon="25.53639499131818">
    <ele>126.66000000000003</ele>
   </trkpt>
   <trkpt lat="-33.94999" lon="25.53535">
    <ele>128.82000000000002</ele>
   </trkpt>
   <trkpt lat="-33.94993" lon="25.53515">
    <ele>128.64000000000001</ele>
   </trkpt>
   <trkpt lat="-33.94979" lon="25.53496">
    <ele>128.12</ele>
   </trkpt>
   <trkpt lat="-33.94943500042558" lon="25.53456999816524">
    <ele>126.10000000000001</ele>
   </trkpt>
   <trkpt lat="-33.94908" lon="25.534180000000003">
    <ele>125.61</ele>
   </trkpt>
   <trkpt lat="-33.94951376844788" lon="25.53337252881781">
    <ele>126.82000000000001</ele>
   </trkpt>
   <trkpt lat="-33.94994753162393" lon="25.5325650494046">
    <ele>127.98</ele>
   </trkpt>
   <trkpt lat="-33.950381289527996" lon="25.531757561760248">
    <ele>130.25</ele>
   </trkpt>
   <trkpt lat="-33.95081504215995" lon="25.53095006588464">
    <ele>132.34</ele>
   </trkpt>
   <trkpt lat="-33.95124878951967" lon="25.530142561777662">
    <ele>133.65</ele>
   </trkpt>
   <trkpt lat="-33.95168253160697" lon="25.529335049439187">
    <ele>134.81</ele>
   </trkpt>
   <trkpt lat="-33.952116268421754" lon="25.528527528869105">
    <ele>136.08</ele>
   </trkpt>
   <trkpt lat="-33.95255" lon="25.527720000000002">
    <ele>137.99</ele>
   </trkpt>
   <trkpt lat="-33.952595001482955" lon="25.527115000277405">
    <ele>138.67000000000002</ele>
   </trkpt>
   <trkpt lat="-33.95264" lon="25.526510000000002">
    <ele>139.71</ele>
   </trkpt>
   <trkpt lat="-33.95257" lon="25.526300000000003">
    <ele>140.29</ele>
   </trkpt>
   <trkpt lat="-33.95225" lon="25.525710000000004">
    <ele>141.79</ele>
   </trkpt>
   <trkpt lat="-33.95174" lon="25.52523">
    <ele>143.74</ele>
   </trkpt>
   <trkpt lat="-33.95201" lon="25.524790000000003">
    <ele>144.1</ele>
   </trkpt>
   <trkpt lat="-33.952070000000006" lon="25.524620000000002">
    <ele>144.22</ele>
   </trkpt>
   <trkpt lat="-33.952466670784105" lon="25.523906673311455">
    <ele>144.12</ele>
   </trkpt>
   <trkpt lat="-33.95286333745384" lon="25.5231933399727">
    <ele>144.93</ele>
   </trkpt>
   <trkpt lat="-33.95326" lon="25.52248">
    <ele>145.32</ele>
   </trkpt>
   <trkpt lat="-33.95373667087554" lon="25.521760008040665">
    <ele>145.15</ele>
   </trkpt>
   <trkpt lat="-33.95421333755939" lon="25.521040008014833">
    <ele>144.99</ele>
   </trkpt>
   <trkpt lat="-33.95469" lon="25.52032">
    <ele>144.59000000000003</ele>
   </trkpt>
   <trkpt lat="-33.95505" lon="25.519830000000002">
    <ele>143.66</ele>
   </trkpt>
   <trkpt lat="-33.95557" lon="25.519230000000004">
    <ele>141.87000000000003</ele>
   </trkpt>
   <trkpt lat="-33.95566" lon="25.519090000000002">
    <ele>139.63</ele>
   </trkpt>
   <trkpt lat="-33.95581" lon="25.518700000000003">
    <ele>139.63</ele>
   </trkpt>
   <trkpt lat="-33.95588" lon="25.51835">
    <ele>137.97</ele>
   </trkpt>
   <trkpt lat="-33.95600500282537" lon="25.517515001183753">
    <ele>135.62</ele>
   </trkpt>
   <trkpt lat="-33.95613" lon="25.51668">
    <ele>132.66</ele>
   </trkpt>
   <trkpt lat="-33.95633" lon="25.51621">
    <ele>130.95000000000002</ele>
   </trkpt>
   <trkpt lat="-33.95651" lon="25.515900000000002">
    <ele>127.56</ele>
   </trkpt>
   <trkpt lat="-33.9568550008798" lon="25.515450001745048">
    <ele>123.60000000000001</ele>
   </trkpt>
   <trkpt lat="-33.9572" lon="25.515">
    <ele>120.79</ele>
   </trkpt>
   <trkpt lat="-33.9574" lon="25.51488">
    <ele>119.96000000000001</ele>
   </trkpt>
   <trkpt lat="-33.95758" lon="25.514820000000004">
    <ele>116.81</ele>
   </trkpt>
   <trkpt lat="-33.95844" lon="25.514830000000003">
    <ele>112.78</ele>
   </trkpt>
   <trkpt lat="-33.95857" lon="25.514820000000004">
    <ele>112.92</ele>
   </trkpt>
   <trkpt lat="-33.958740000000006" lon="25.514760000000003">
    <ele>113.11000000000001</ele>
   </trkpt>
   <trkpt lat="-33.95893" lon="25.514660000000003">
    <ele>113.83000000000001</ele>
   </trkpt>
   <trkpt lat="-33.95906" lon="25.514570000000003">
    <ele>113.99000000000001</ele>
   </trkpt>
   <trkpt lat="-33.95918" lon="25.51444">
    <ele>114.48</ele>
   </trkpt>
   <trkpt lat="-33.95933" lon="25.51424">
    <ele>115.12</ele>
   </trkpt>
   <trkpt lat="-33.95964" lon="25.51367">
    <ele>117.64</ele>
   </trkpt>
   <trkpt lat="-33.95993" lon="25.512950000000004">
    <ele>119.94</ele>
   </trkpt>
   <trkpt lat="-33.959970000000006" lon="25.512690000000003">
    <ele>120.03000000000002</ele>
   </trkpt>
   <trkpt lat="-33.96014000211845" lon="25.51197000134402">
    <ele>121.17000000000002</ele>
   </trkpt>
   <trkpt lat="-33.96031" lon="25.51125">
    <ele>121.20000000000002</ele>
   </trkpt>
   <trkpt lat="-33.96054500323872" lon="25.510355002472735">
    <ele>120.66</ele>
   </trkpt>
   <trkpt lat="-33.96078" lon="25.50946">
    <ele>121.34</ele>
   </trkpt>
   <trkpt lat="-33.96101" lon="25.508760000000002">
    <ele>122.13000000000001</ele>
   </trkpt>
   <trkpt lat="-33.961220000000004" lon="25.50824">
    <ele>122.26</ele>
   </trkpt>
   <trkpt lat="-33.961705003116435" lon="25.50735500513783">
    <ele>123.96000000000001</ele>
   </trkpt>
   <trkpt lat="-33.96219" lon="25.506470000000004">
    <ele>128.37</ele>
   </trkpt>
   <trkpt lat="-33.962610000000005" lon="25.505860000000002">
    <ele>129.69</ele>
   </trkpt>
   <trkpt lat="-33.963095012353804" lon="25.505078355616416">
    <ele>133.66</ele>
   </trkpt>
   <trkpt lat="-33.96358001976665" lon="25.504296702319223">
    <ele>137.46</ele>
   </trkpt>
   <trkpt lat="-33.96406502223841" lon="25.503515040108244">
    <ele>141.87000000000003</ele>
   </trkpt>
   <trkpt lat="-33.964550019768936" lon="25.50273336898331">
    <ele>144.48000000000002</ele>
   </trkpt>
   <trkpt lat="-33.965035012358065" lon="25.501951688944253">
    <ele>146.88</ele>
   </trkpt>
   <trkpt lat="-33.965520000000005" lon="25.501170000000002">
    <ele>150.46</ele>
   </trkpt>
   <trkpt lat="-33.96607" lon="25.500380000000003">
    <ele>155.36</ele>
   </trkpt>
   <trkpt lat="-33.96651000109254" lon="25.499855002742265">
    <ele>157.16000000000003</ele>
   </trkpt>
   <trkpt lat="-33.966950000000004" lon="25.49933">
    <ele>158.20000000000002</ele>
   </trkpt>
   <trkpt lat="-33.9671" lon="25.499090000000002">
    <ele>158.32000000000002</ele>
   </trkpt>
   <trkpt lat="-33.9673" lon="25.498720000000002">
    <ele>158.23000000000002</ele>
   </trkpt>
   <trkpt lat="-33.96737" lon="25.49849">
    <ele>158.22</ele>
   </trkpt>
   <trkpt lat="-33.96760401264117" lon="25.497606009724766">
    <ele>158.60000000000002</ele>
   </trkpt>
   <trkpt lat="-33.967838018962425" lon="25.49672201458493">
    <ele>159.29000000000002</ele>
   </trkpt>
   <trkpt lat="-33.96807201896366" lon="25.495838014580553">
    <ele>159.64000000000001</ele>
   </trkpt>
   <trkpt lat="-33.96830601264478" lon="25.494954009711705">
    <ele>160.14000000000001</ele>
   </trkpt>
   <trkpt lat="-33.968540000000004" lon="25.49407">
    <ele>160.60000000000002</ele>
   </trkpt>
   <trkpt lat="-33.96855" lon="25.49406">
    <ele>160.60000000000002</ele>
   </trkpt>
   <trkpt lat="-33.96879000329708" lon="25.493160002458954">
    <ele>161.37</ele>
   </trkpt>
   <trkpt lat="-33.969030000000004" lon="25.49226">
    <ele>162.83</ele>
   </trkpt>
   <trkpt lat="-33.96929601435241" lon="25.49131801178953">
    <ele>165.13000000000002</ele>
   </trkpt>
   <trkpt lat="-33.969562021528226" lon="25.49037601768604">
    <ele>166.88</ele>
   </trkpt>
   <trkpt lat="-33.969828021527334" lon="25.489434017689568">
    <ele>168.09</ele>
   </trkpt>
   <trkpt lat="-33.9700940143496" lon="25.488492011800197">
    <ele>169.12</ele>
   </trkpt>
   <trkpt lat="-33.97036" lon="25.487550000000002">
    <ele>169.55</ele>
   </trkpt>
   <trkpt lat="-33.9705" lon="25.486960000000003">
    <ele>170.09</ele>
   </trkpt>
   <trkpt lat="-33.970600000000005" lon="25.48626">
    <ele>170.44</ele>
   </trkpt>
   <trkpt lat="-33.97061" lon="25.48588">
    <ele>170.65000000000003</ele>
   </trkpt>
   <trkpt lat="-33.97059" lon="25.48562">
    <ele>170.8</ele>
   </trkpt>
   <trkpt lat="-33.97054" lon="25.485370000000003">
    <ele>171.13</ele>
   </trkpt>
   <trkpt lat="-33.970300001727445" lon="25.48471499813099">
    <ele>171.84</ele>
   </trkpt>
   <trkpt lat="-33.970060000000004" lon="25.484060000000003">
    <ele>173.13</ele>
   </trkpt>
   <trkpt lat="-33.969910000000006" lon="25.48356">
    <ele>173.65000000000003</ele>
   </trkpt>
   <trkpt lat="-33.96985" lon="25.48307">
    <ele>174.12000000000003</ele>
   </trkpt>
   <trkpt lat="-33.9698200070968" lon="25.48213333270519">
    <ele>174.45000000000002</ele>
   </trkpt>
   <trkpt lat="-33.969790007097835" lon="25.481196666071156">
    <ele>175.04</ele>
   </trkpt>
   <trkpt lat="-33.96976" lon="25.48026">
    <ele>175.55</ele>
   </trkpt>
   <trkpt lat="-33.96971667302429" lon="25.479373332413584">
    <ele>176.17000000000002</ele>
   </trkpt>
   <trkpt lat="-33.96967333969016" lon="25.47848666573071">
    <ele>176.62000000000003</ele>
   </trkpt>
   <trkpt lat="-33.96963" lon="25.477600000000002">
    <ele>177.34000000000003</ele>
   </trkpt>
   <trkpt lat="-33.96952667193152" lon="25.476793331389192">
    <ele>177.61</ele>
   </trkpt>
   <trkpt lat="-33.96942333860025" lon="25.47598666473868">
    <ele>177.69</ele>
   </trkpt>
   <trkpt lat="-33.96932" lon="25.47518">
    <ele>177.72000000000003</ele>
   </trkpt>
   <trkpt lat="-33.969300000000004" lon="25.474960000000003">
    <ele>177.77</ele>
   </trkpt>
   <trkpt lat="-33.96902" lon="25.4749">
    <ele>177.21</ele>
   </trkpt>
   <trkpt lat="-33.96846500030467" lon="25.47471499884812">
    <ele>176.22</ele>
   </trkpt>
   <trkpt lat="-33.96791" lon="25.47453">
    <ele>175.51000000000002</ele>
   </trkpt>
   <trkpt lat="-33.96746000020096" lon="25.474364999160294">
    <ele>174.88</ele>
   </trkpt>
   <trkpt lat="-33.96701" lon="25.474200000000003">
    <ele>174.62000000000003</ele>
   </trkpt>
   <trkpt lat="-33.966530000000006" lon="25.474050000000002">
    <ele>174.70000000000002</ele>
   </trkpt>
   <trkpt lat="-33.96633" lon="25.4739">
    <ele>174.71</ele>
   </trkpt>
   <trkpt lat="-33.96616" lon="25.473750000000003">
    <ele>174.71</ele>
   </trkpt>
   <trkpt lat="-33.9656" lon="25.47323">
    <ele>174.76000000000002</ele>
   </trkpt>
   <trkpt lat="-33.96553" lon="25.47315">
    <ele>174.46</ele>
   </trkpt>
   <trkpt lat="-33.96548" lon="25.47303">
    <ele>174.46</ele>
   </trkpt>
   <trkpt lat="-33.96553" lon="25.472250000000003">
    <ele>174.97</ele>
   </trkpt>
   <trkpt lat="-33.965430000000005" lon="25.47202">
    <ele>175.02</ele>
   </trkpt>
   <trkpt lat="-33.96533" lon="25.472170000000002">
    <ele>175.02</ele>
   </trkpt>
   <trkpt lat="-33.96531" lon="25.472330000000003">
    <ele>174.85</ele>
   </trkpt>
   <trkpt lat="-33.96524" lon="25.47238">
    <ele>174.85</ele>
   </trkpt>
   <trkpt lat="-33.96508" lon="25.47247">
    <ele>174.85</ele>
   </trkpt>
   <trkpt lat="-33.96488" lon="25.472430000000003">
    <ele>174.07</ele>
   </trkpt>
   <trkpt lat="-33.964780000000005" lon="25.472450000000002">
    <ele>173.99</ele>
   </trkpt>
   <trkpt lat="-33.96454000227057" lon="25.471704997979504">
    <ele>173.99</ele>
   </trkpt>
   <trkpt lat="-33.9643" lon="25.47096">
    <ele>173.99</ele>
   </trkpt>
   <trkpt lat="-33.96412" lon="25.470290000000002">
    <ele>173.99</ele>
   </trkpt>
   <trkpt lat="-33.96392" lon="25.469730000000002">
    <ele>177.01</ele>
   </trkpt>
   <trkpt lat="-33.96368500229743" lon="25.468974997890086">
    <ele>177.01</ele>
   </trkpt>
   <trkpt lat="-33.96345" lon="25.468220000000002">
    <ele>177.01</ele>
   </trkpt>
   <trkpt lat="-33.96307" lon="25.467290000000002">
    <ele>177.00000000000003</ele>
   </trkpt>
   <trkpt lat="-33.96275667064169" lon="25.466589994870844">
    <ele>177.64000000000001</ele>
   </trkpt>
   <trkpt lat="-33.96244333732075" lon="25.46588999489859">
    <ele>178.46</ele>
   </trkpt>
   <trkpt lat="-33.96213" lon="25.465190000000003">
    <ele>178.95000000000002</ele>
   </trkpt>
   <trkpt lat="-33.96197" lon="25.465020000000003">
    <ele>179.09000000000003</ele>
   </trkpt>
   <trkpt lat="-33.96163" lon="25.464380000000002">
    <ele>178.95000000000002</ele>
   </trkpt>
   <trkpt lat="-33.96157" lon="25.46414">
    <ele>179.01</ele>
   </trkpt>
   <trkpt lat="-33.96132000080451" lon="25.463654998290277">
    <ele>179.98</ele>
   </trkpt>
   <trkpt lat="-33.96107" lon="25.46317">
    <ele>180.74</ele>
   </trkpt>
   <trkpt lat="-33.96072" lon="25.462370000000004">
    <ele>181.8</ele>
   </trkpt>
   <trkpt lat="-33.9606" lon="25.462180000000004">
    <ele>183.28000000000003</ele>
   </trkpt>
   <trkpt lat="-33.960206671797096" lon="25.461383325962487">
    <ele>184.38000000000002</ele>
   </trkpt>
   <trkpt lat="-33.959813338461714" lon="25.46058665929179">
    <ele>184.76</ele>
   </trkpt>
   <trkpt lat="-33.95942" lon="25.45979">
    <ele>183.85000000000002</ele>
   </trkpt>
   <trkpt lat="-33.95926" lon="25.459310000000002">
    <ele>183.92000000000002</ele>
   </trkpt>
   <trkpt lat="-33.95897" lon="25.458710000000004">
    <ele>185.68</ele>
   </trkpt>
   <trkpt lat="-33.95881" lon="25.45848">
    <ele>186.32000000000002</ele>
   </trkpt>
   <trkpt lat="-33.95859" lon="25.45822">
    <ele>187.25000000000003</ele>
   </trkpt>
   <trkpt lat="-33.95837" lon="25.458000000000002">
    <ele>187.63000000000002</ele>
   </trkpt>
   <trkpt lat="-33.95769" lon="25.457440000000002">
    <ele>188.63000000000002</ele>
   </trkpt>
   <trkpt lat="-33.957550000000005" lon="25.457250000000002">
    <ele>188.57000000000002</ele>
   </trkpt>
   <trkpt lat="-33.95731" lon="25.45691">
    <ele>188.02</ele>
   </trkpt>
   <trkpt lat="-33.95705668138083" lon="25.456056653940873">
    <ele>188.00000000000003</ele>
   </trkpt>
   <trkpt lat="-33.95680335687326" lon="25.455203312963203">
    <ele>189.95000000000002</ele>
   </trkpt>
   <trkpt lat="-33.95655002647737" lon="25.454349977067036">
    <ele>189.70000000000002</ele>
   </trkpt>
   <trkpt lat="-33.956296690193284" lon="25.453496646252404">
    <ele>190.24</ele>
   </trkpt>
   <trkpt lat="-33.95604334802105" lon="25.452643320519346">
    <ele>191.25</ele>
   </trkpt>
   <trkpt lat="-33.95579" lon="25.451790000000003">
    <ele>192.42000000000002</ele>
   </trkpt>
   <trkpt lat="-33.95552" lon="25.450960000000002">
    <ele>193.4</ele>
   </trkpt>
   <trkpt lat="-33.9551" lon="25.450020000000002">
    <ele>195.01000000000002</ele>
   </trkpt>
   <trkpt lat="-33.95467000661137" lon="25.449282488843792">
    <ele>196.97</ele>
   </trkpt>
   <trkpt lat="-33.95424000882461" lon="25.448544985141478">
    <ele>197.42000000000002</ele>
   </trkpt>
   <trkpt lat="-33.95381000663985" lon="25.44780748889295">
    <ele>197.76000000000002</ele>
   </trkpt>
   <trkpt lat="-33.95338" lon="25.447070000000004">
    <ele>198.70000000000002</ele>
   </trkpt>
   <trkpt lat="-33.95338" lon="25.44706">
    <ele>198.70000000000002</ele>
   </trkpt>
   <trkpt lat="-33.95308500110242" lon="25.446539998213563">
    <ele>198.78</ele>
   </trkpt>
   <trkpt lat="-33.95279" lon="25.44602">
    <ele>199.19</ele>
   </trkpt>
   <trkpt lat="-33.95261" lon="25.445780000000003">
    <ele>199.05</ele>
   </trkpt>
   <trkpt lat="-33.95237" lon="25.44527">
    <ele>198.98000000000002</ele>
   </trkpt>
   <trkpt lat="-33.95201000150913" lon="25.44464499723427">
    <ele>199.65</ele>
   </trkpt>
   <trkpt lat="-33.95165" lon="25.444020000000002">
    <ele>200.24000000000004</ele>
   </trkpt>
   <trkpt lat="-33.95135000073558" lon="25.443594998509326">
    <ele>200.75</ele>
   </trkpt>
   <trkpt lat="-33.95105" lon="25.443170000000002">
    <ele>201.44</ele>
   </trkpt>
   <trkpt lat="-33.95058" lon="25.442590000000003">
    <ele>202.27</ele>
   </trkpt>
   <trkpt lat="-33.95033" lon="25.44225">
    <ele>202.20000000000002</ele>
   </trkpt>
   <trkpt lat="-33.94984333605219" lon="25.44166665995632">
    <ele>203.79000000000002</ele>
   </trkpt>
   <trkpt lat="-33.94935666935305" lon="25.441083326584145">
    <ele>203.79000000000002</ele>
   </trkpt>
   <trkpt lat="-33.94887" lon="25.440500000000004">
    <ele>203.79000000000002</ele>
   </trkpt>
   <trkpt lat="-33.94844500084827" lon="25.440019997509165">
    <ele>203.79000000000002</ele>
   </trkpt>
   <trkpt lat="-33.94802" lon="25.43954">
    <ele>206.25</ele>
   </trkpt>
   <trkpt lat="-33.94787" lon="25.439420000000002">
    <ele>206.25</ele>
   </trkpt>
   <trkpt lat="-33.94751" lon="25.439000000000004">
    <ele>206.25</ele>
   </trkpt>
   <trkpt lat="-33.94722" lon="25.4386">
    <ele>206.25</ele>
   </trkpt>
   <trkpt lat="-33.94664" lon="25.43796">
    <ele>206.25</ele>
   </trkpt>
   <trkpt lat="-33.9465" lon="25.43774">
    <ele>206.25</ele>
   </trkpt>
   <trkpt lat="-33.94639" lon="25.437600000000003">
    <ele>206.25</ele>
   </trkpt>
   <trkpt lat="-33.94592000236526" lon="25.43705999404534">
    <ele>206.25</ele>
   </trkpt>
   <trkpt lat="-33.94545000237292" lon="25.436519994054198">
    <ele>206.25</ele>
   </trkpt>
   <trkpt lat="-33.94498" lon="25.43598">
    <ele>208.06000000000003</ele>
   </trkpt>
   <trkpt lat="-33.9446" lon="25.4356">
    <ele>208.06000000000003</ele>
   </trkpt>
   <trkpt lat="-33.94435" lon="25.43539">
    <ele>208.06000000000003</ele>
   </trkpt>
   <trkpt lat="-33.94417" lon="25.4353">
    <ele>208.06000000000003</ele>
   </trkpt>
   <trkpt lat="-33.94413" lon="25.435260000000003">
    <ele>208.06000000000003</ele>
   </trkpt>
   <trkpt lat="-33.94402" lon="25.434870000000004">
    <ele>208.06000000000003</ele>
   </trkpt>
   <trkpt lat="-33.94341" lon="25.43418">
    <ele>208.8</ele>
   </trkpt>
   <trkpt lat="-33.94283" lon="25.433490000000003">
    <ele>208.61</ele>
   </trkpt>
   <trkpt lat="-33.94272" lon="25.433370000000004">
    <ele>208.8</ele>
   </trkpt>
   <trkpt lat="-33.94259" lon="25.433270000000004">
    <ele>208.98000000000002</ele>
   </trkpt>
   <trkpt lat="-33.94198500233414" lon="25.432514994671774">
    <ele>208.98000000000002</ele>
   </trkpt>
   <trkpt lat="-33.94138" lon="25.43176">
    <ele>208.98000000000002</ele>
   </trkpt>
   <trkpt lat="-33.94113" lon="25.43155">
    <ele>208.98000000000002</ele>
   </trkpt>
   <trkpt lat="-33.94093" lon="25.431420000000003">
    <ele>212.21</ele>
   </trkpt>
   <trkpt lat="-33.94073" lon="25.431340000000002">
    <ele>212.21</ele>
   </trkpt>
   <trkpt lat="-33.94028" lon="25.431230000000003">
    <ele>212.21</ele>
   </trkpt>
   <trkpt lat="-33.939629999853906" lon="25.43111499908671">
    <ele>212.21</ele>
   </trkpt>
   <trkpt lat="-33.93898" lon="25.431">
    <ele>212.21</ele>
   </trkpt>
   <trkpt lat="-33.938990000000004" lon="25.431">
    <ele>212.21</ele>
   </trkpt>
   <trkpt lat="-33.93848499994192" lon="25.430894999355875">
    <ele>212.99</ele>
   </trkpt>
   <trkpt lat="-33.93798" lon="25.430790000000002">
    <ele>212.99</ele>
   </trkpt>
   <trkpt lat="-33.93766" lon="25.43062">
    <ele>212.99</ele>
   </trkpt>
   <trkpt lat="-33.93744" lon="25.430370000000003">
    <ele>212.99</ele>
   </trkpt>
   <trkpt lat="-33.9373" lon="25.42996">
    <ele>212.99</ele>
   </trkpt>
   <trkpt lat="-33.93726" lon="25.429610000000004">
    <ele>212.99</ele>
   </trkpt>
   <trkpt lat="-33.93716601257552" lon="25.428727996086497">
    <ele>212.99</ele>
   </trkpt>
   <trkpt lat="-33.93707201886223" lon="25.427845994120233">
    <ele>212.99</ele>
   </trkpt>
   <trkpt lat="-33.9369780188602" lon="25.426963994101342">
    <ele>217.99</ele>
   </trkpt>
   <trkpt lat="-33.936884012569436" lon="25.426081996029936">
    <ele>217.99</ele>
   </trkpt>
   <trkpt lat="-33.93679" lon="25.425200000000004">
    <ele>217.99</ele>
   </trkpt>
   <trkpt lat="-33.93661" lon="25.42426">
    <ele>217.99</ele>
   </trkpt>
   <trkpt lat="-33.93647500130766" lon="25.423684998966046">
    <ele>217.99</ele>
   </trkpt>
   <trkpt lat="-33.93634" lon="25.42311">
    <ele>217.99</ele>
   </trkpt>
   <trkpt lat="-33.936350000000004" lon="25.423080000000002">
    <ele>217.99</ele>
   </trkpt>
   <trkpt lat="-33.93643" lon="25.42304">
    <ele>217.99</ele>
   </trkpt>
   <trkpt lat="-33.9365" lon="25.423050000000003">
    <ele>217.99</ele>
   </trkpt>
   <trkpt lat="-33.93718250067092" lon="25.42327999447905">
    <ele>217.99</ele>
   </trkpt>
   <trkpt lat="-33.937865000914194" lon="25.423509992645247">
    <ele>225.52</ele>
   </trkpt>
   <trkpt lat="-33.938547500729825" lon="25.423739994498742">
    <ele>225.52</ele>
   </trkpt>
   <trkpt lat="-33.93923" lon="25.42397">
    <ele>225.52</ele>
   </trkpt>
   <trkpt lat="-33.939330000000005" lon="25.424000000000003">
    <ele>225.78</ele>
   </trkpt>
   <trkpt lat="-33.93952" lon="25.424020000000002">
    <ele>224.25</ele>
   </trkpt>
   <trkpt lat="-33.93967" lon="25.424010000000003">
    <ele>223.17000000000002</ele>
   </trkpt>
   <trkpt lat="-33.93979" lon="25.42397">
    <ele>223.17000000000002</ele>
   </trkpt>
   <trkpt lat="-33.93996" lon="25.423820000000003">
    <ele>221.96</ele>
   </trkpt>
   <trkpt lat="-33.940090000000005" lon="25.42359">
    <ele>221.36</ele>
   </trkpt>
   <trkpt lat="-33.93945" lon="25.422890000000002">
    <ele>223.37</ele>
   </trkpt>
   <trkpt lat="-33.93914" lon="25.42246">
    <ele>223.79000000000002</ele>
   </trkpt>
   <trkpt lat="-33.93878" lon="25.421930000000003">
    <ele>223.68</ele>
   </trkpt>
   <trkpt lat="-33.93838" lon="25.421180000000003">
    <ele>222.52</ele>
   </trkpt>
   <trkpt lat="-33.938030000000005" lon="25.4204">
    <ele>220.58</ele>
   </trkpt>
   <trkpt lat="-33.937675003635114" lon="25.41945499612773">
    <ele>218.24</ele>
   </trkpt>
   <trkpt lat="-33.93732" lon="25.41851">
    <ele>217.07000000000002</ele>
   </trkpt>
   <trkpt lat="-33.937065001602264" lon="25.417864997867692">
    <ele>217.10000000000002</ele>
   </trkpt>
   <trkpt lat="-33.93681" lon="25.41722">
    <ele>217.60000000000002</ele>
   </trkpt>
   <trkpt lat="-33.93674" lon="25.4171">
    <ele>217.62</ele>
   </trkpt>
   <trkpt lat="-33.93674" lon="25.41709">
    <ele>217.62</ele>
   </trkpt>
   <trkpt lat="-33.93618" lon="25.417640000000002">
    <ele>216.21</ele>
   </trkpt>
   <trkpt lat="-33.93582" lon="25.417930000000002">
    <ele>215.71</ele>
   </trkpt>
   <trkpt lat="-33.935100000000006" lon="25.418280000000003">
    <ele>216.11</ele>
   </trkpt>
   <trkpt lat="-33.9348180528767" lon="25.41731328851736">
    <ele>215.29</ele>
   </trkpt>
   <trkpt lat="-33.93453609819894" lon="25.416346583436454">
    <ele>216.01</ele>
   </trkpt>
   <trkpt lat="-33.93425413596685" lon="25.41537988475734">
    <ele>216.70000000000002</ele>
   </trkpt>
   <trkpt lat="-33.93397216618055" lon="25.414413192480076">
    <ele>216.95</ele>
   </trkpt>
   <trkpt lat="-33.933690188840195" lon="25.413446506604732">
    <ele>216.87</ele>
   </trkpt>
   <trkpt lat="-33.93340820394589" lon="25.412479827131364">
    <ele>216.87</ele>
   </trkpt>
   <trkpt lat="-33.933126211497765" lon="25.411513154060035">
    <ele>216.97000000000003</ele>
   </trkpt>
   <trkpt lat="-33.93284421149597" lon="25.410546487390796">
    <ele>217.21</ele>
   </trkpt>
   <trkpt lat="-33.93256220394063" lon="25.40957982712372">
    <ele>217.41000000000003</ele>
   </trkpt>
   <trkpt lat="-33.932280188831854" lon="25.40861317325887">
    <ele>217.91000000000003</ele>
   </trkpt>
   <trkpt lat="-33.9319981661698" lon="25.407646525796302">
    <ele>218.00000000000003</ele>
   </trkpt>
   <trkpt lat="-33.93171613595458" lon="25.40667988473607">
    <ele>218.52</ele>
   </trkpt>
   <trkpt lat="-33.93143409818634" lon="25.40571325007825">
    <ele>218.91000000000003</ele>
   </trkpt>
   <trkpt lat="-33.93115205286519" lon="25.404746621822888">
    <ele>219.07000000000002</ele>
   </trkpt>
   <trkpt lat="-33.930870000000006" lon="25.40378">
    <ele>219.81</ele>
   </trkpt>
   <trkpt lat="-33.930870000000006" lon="25.40377">
    <ele>219.81</ele>
   </trkpt>
   <trkpt lat="-33.93118834921563" lon="25.402883349918742">
    <ele>219.75000000000003</ele>
   </trkpt>
   <trkpt lat="-33.931506692076496" lon="25.40199669320888">
    <ele>220.06</ele>
   </trkpt>
   <trkpt lat="-33.931825028582494" lon="25.401110029870406">
    <ele>220.55</ele>
   </trkpt>
   <trkpt lat="-33.93214335873352" lon="25.40022335990333">
    <ele>221.00000000000003</ele>
   </trkpt>
   <trkpt lat="-33.93246168252941" lon="25.399336683307645">
    <ele>221.97000000000003</ele>
   </trkpt>
   <trkpt lat="-33.93278" lon="25.39845">
    <ele>222.36</ele>
   </trkpt>
   <trkpt lat="-33.93303" lon="25.3977">
    <ele>222.89</ele>
   </trkpt>
   <trkpt lat="-33.93338170987388" lon="25.39671421145509">
    <ele>223.63000000000002</ele>
   </trkpt>
   <trkpt lat="-33.933733411892234" lon="25.39572841476745">
    <ele>224.13000000000002</ele>
   </trkpt>
   <trkpt lat="-33.9340851060549" lon="25.39474260993708">
    <ele>224.5</ele>
   </trkpt>
   <trkpt lat="-33.93443679236171" lon="25.393756796963984">
    <ele>224.91000000000003</ele>
   </trkpt>
   <trkpt lat="-33.93478847081249" lon="25.392770975848176">
    <ele>224.89000000000001</ele>
   </trkpt>
   <trkpt lat="-33.93514014140708" lon="25.39178514658966">
    <ele>224.81</ele>
   </trkpt>
   <trkpt lat="-33.9354918041453" lon="25.39079930918844">
    <ele>224.64000000000001</ele>
   </trkpt>
   <trkpt lat="-33.93584345902699" lon="25.389813463644526">
    <ele>224.8</ele>
   </trkpt>
   <trkpt lat="-33.936195106051976" lon="25.388827609957925">
    <ele>225.28</ele>
   </trkpt>
   <trkpt lat="-33.936546745220085" lon="25.387841748128636">
    <ele>226.15</ele>
   </trkpt>
   <trkpt lat="-33.936898376531154" lon="25.386855878156677">
    <ele>227.57000000000002</ele>
   </trkpt>
   <trkpt lat="-33.937250000000006" lon="25.38587">
    <ele>228.79000000000002</ele>
   </trkpt>
   <trkpt lat="-33.937566672877196" lon="25.38499333986104">
    <ele>229.46</ele>
   </trkpt>
   <trkpt lat="-33.93788333954147" lon="25.3841166732011">
    <ele>229.10000000000002</ele>
   </trkpt>
   <trkpt lat="-33.9382" lon="25.38324">
    <ele>227.98000000000002</ele>
   </trkpt>
   <trkpt lat="-33.9382" lon="25.38323">
    <ele>227.97</ele>
   </trkpt>
   <trkpt lat="-33.93853" lon="25.382320000000004">
    <ele>226.61</ele>
   </trkpt>
   <trkpt lat="-33.938250000000004" lon="25.382150000000003">
    <ele>226.38000000000002</ele>
   </trkpt>
   <trkpt lat="-33.93791" lon="25.38191">
    <ele>225.5</ele>
   </trkpt>
   <trkpt lat="-33.93773" lon="25.381750000000004">
    <ele>224.87</ele>
   </trkpt>
   <trkpt lat="-33.93764" lon="25.38163">
    <ele>224.33</ele>
   </trkpt>
   <trkpt lat="-33.93741" lon="25.38125">
    <ele>223.83</ele>
   </trkpt>
   <trkpt lat="-33.9373" lon="25.38096">
    <ele>223.57000000000002</ele>
   </trkpt>
   <trkpt lat="-33.93723" lon="25.380640000000003">
    <ele>223.28</ele>
   </trkpt>
   <trkpt lat="-33.93714002370108" lon="25.37965142230423">
    <ele>222.86</ele>
   </trkpt>
   <trkpt lat="-33.937050039501784" lon="25.378662846697868">
    <ele>222.38000000000002</ele>
   </trkpt>
   <trkpt lat="-33.93696004740216" lon="25.377674273181086">
    <ele>222.04000000000002</ele>
   </trkpt>
   <trkpt lat="-33.93687004740224" lon="25.376685701754063">
    <ele>222.15</ele>
   </trkpt>
   <trkpt lat="-33.93678003950209" lon="25.375697132416967">
    <ele>222.98000000000002</ele>
   </trkpt>
   <trkpt lat="-33.93669002370173" lon="25.37470856516997">
    <ele>223.45000000000002</ele>
   </trkpt>
   <trkpt lat="-33.936600000000006" lon="25.373720000000002">
    <ele>223.53</ele>
   </trkpt>
   <trkpt lat="-33.9365" lon="25.37291">
    <ele>222.55</ele>
   </trkpt>
   <trkpt lat="-33.93633000132053" lon="25.372334998798422">
    <ele>222.18</ele>
   </trkpt>
   <trkpt lat="-33.93616" lon="25.371760000000002">
    <ele>222.01000000000002</ele>
   </trkpt>
   <trkpt lat="-33.93589" lon="25.371150000000004">
    <ele>222.18</ele>
   </trkpt>
   <trkpt lat="-33.93556" lon="25.370530000000002">
    <ele>222.56</ele>
   </trkpt>
   <trkpt lat="-33.935" lon="25.369740000000004">
    <ele>223.72000000000003</ele>
   </trkpt>
   <trkpt lat="-33.93436750637159" lon="25.369014983842863">
    <ele>225.3</ele>
   </trkpt>
   <trkpt lat="-33.93373500849406" lon="25.36828997845591">
    <ele>227.29000000000002</ele>
   </trkpt>
   <trkpt lat="-33.93310250636759" lon="25.3675649838388">
    <ele>228.46</ele>
   </trkpt>
   <trkpt lat="-33.93247" lon="25.366840000000003">
    <ele>228.23000000000002</ele>
   </trkpt>
   <trkpt lat="-33.93187715435084" lon="25.366151399806675">
    <ele>226.96</ele>
   </trkpt>
   <trkpt lat="-33.93128430486882" lon="25.36546280920045">
    <ele>226.69000000000003</ele>
   </trkpt>
   <trkpt lat="-33.93069145155407" lon="25.364774228181048">
    <ele>226.02</ele>
   </trkpt>
   <trkpt lat="-33.930098594406736" lon="25.364085656748184">
    <ele>225.89000000000001</ele>
   </trkpt>
   <trkpt lat="-33.92950573342698" lon="25.363397094901572">
    <ele>225.71</ele>
   </trkpt>
   <trkpt lat="-33.92891286861491" lon="25.36270854264092">
    <ele>225.52</ele>
   </trkpt>
   <trkpt lat="-33.92832" lon="25.36202">
    <ele>225.61</ele>
   </trkpt>
   <trkpt lat="-33.927770002042365" lon="25.36130999542189">
    <ele>227.06</ele>
   </trkpt>
   <trkpt lat="-33.927220000000005" lon="25.3606">
    <ele>229.94</ele>
   </trkpt>
   <trkpt lat="-33.92689" lon="25.36014">
    <ele>232.61</ele>
   </trkpt>
   <trkpt lat="-33.926620000902965" lon="25.359694998758666">
    <ele>234.11</ele>
   </trkpt>
   <trkpt lat="-33.92635" lon="25.359250000000003">
    <ele>235.04000000000002</ele>
   </trkpt>
   <trkpt lat="-33.92598500177428" lon="25.358569996910248">
    <ele>234.41</ele>
   </trkpt>
   <trkpt lat="-33.92562" lon="25.35789">
    <ele>233.51000000000002</ele>
   </trkpt>
   <trkpt lat="-33.925276669574444" lon="25.357293328576226">
    <ele>232.4</ele>
   </trkpt>
   <trkpt lat="-33.924933336271366" lon="25.35669666196218">
    <ele>231.15</ele>
   </trkpt>
   <trkpt lat="-33.92459" lon="25.3561">
    <ele>230.36</ele>
   </trkpt>
   <trkpt lat="-33.924130000000005" lon="25.355420000000002">
    <ele>229.58</ele>
   </trkpt>
   <trkpt lat="-33.92369000153629" lon="25.354804996834435">
    <ele>228.87</ele>
   </trkpt>
   <trkpt lat="-33.92325" lon="25.354190000000003">
    <ele>228.66000000000003</ele>
   </trkpt>
   <trkpt lat="-33.92278600712556" lon="25.353525985532208">
    <ele>228.73000000000002</ele>
   </trkpt>
   <trkpt lat="-33.922322010687544" lon="25.352861978297437">
    <ele>228.85000000000002</ele>
   </trkpt>
   <trkpt lat="-33.92185801068601" lon="25.352197978295536">
    <ele>229.32000000000002</ele>
   </trkpt>
   <trkpt lat="-33.92139400712107" lon="25.351533985526363">
    <ele>230.64000000000001</ele>
   </trkpt>
   <trkpt lat="-33.920930000000006" lon="25.35087">
    <ele>232.48000000000002</ele>
   </trkpt>
   <trkpt lat="-33.92119" lon="25.350640000000002">
    <ele>231.88000000000002</ele>
   </trkpt>
   <trkpt lat="-33.921200000000006" lon="25.350620000000003">
    <ele>231.86</ele>
   </trkpt>
   <trkpt lat="-33.92065666879003" lon="25.351130006484862">
    <ele>232.82000000000002</ele>
   </trkpt>
   <trkpt lat="-33.920113335477865" lon="25.351640006464898">
    <ele>233.58</ele>
   </trkpt>
   <trkpt lat="-33.91957" lon="25.35215">
    <ele>234.61</ele>
   </trkpt>
   <trkpt lat="-33.91942251355738" lon="25.35109249450916">
    <ele>234.59</ele>
   </trkpt>
   <trkpt lat="-33.91927501807655" lon="25.35003499267953">
    <ele>234.92000000000002</ele>
   </trkpt>
   <trkpt lat="-33.919127513557626" lon="25.348977494511285">
    <ele>234.95000000000002</ele>
   </trkpt>
   <trkpt lat="-33.918980000000005" lon="25.347920000000002">
    <ele>234.48000000000002</ele>
   </trkpt>
   <trkpt lat="-33.91884803542956" lon="25.34693298624153">
    <ele>233.43000000000004</ele>
   </trkpt>
   <trkpt lat="-33.91871606298576" lon="25.34594597554051">
    <ele>232.41</ele>
   </trkpt>
   <trkpt lat="-33.91858408266868" lon="25.344958967897107">
    <ele>231.70000000000002</ele>
   </trkpt>
   <trkpt lat="-33.91845209447839" lon="25.343971963311468">
    <ele>230.85000000000002</ele>
   </trkpt>
   <trkpt lat="-33.918320098414945" lon="25.342984961783756">
    <ele>229.71</ele>
   </trkpt>
   <trkpt lat="-33.9181880944784" lon="25.341997963314135">
    <ele>228.91000000000003</ele>
   </trkpt>
   <trkpt lat="-33.91805608266884" lon="25.341010967902754">
    <ele>228.56</ele>
   </trkpt>
   <trkpt lat="-33.91792406298632" lon="25.340023975549773">
    <ele>228.92000000000002</ele>
   </trkpt>
   <trkpt lat="-33.91779203543089" lon="25.33903698625535">
    <ele>228.95000000000002</ele>
   </trkpt>
   <trkpt lat="-33.917660000000005" lon="25.338050000000003">
    <ele>229.28</ele>
   </trkpt>
   <trkpt lat="-33.91752669750362" lon="25.337073321114016">
    <ele>229.84</ele>
   </trkpt>
   <trkpt lat="-33.91739338729804" lon="25.33609664528398">
    <ele>230.63000000000002</ele>
   </trkpt>
   <trkpt lat="-33.91726006938336" lon="25.33511997251006">
    <ele>231.17000000000002</ele>
   </trkpt>
   <trkpt lat="-33.91712674375962" lon="25.334143302792405">
    <ele>231.95000000000002</ele>
   </trkpt>
   <trkpt lat="-33.91699341042689" lon="25.333166636131164">
    <ele>232.91</ele>
   </trkpt>
   <trkpt lat="-33.91686006938522" lon="25.33218997252649">
    <ele>233.29000000000002</ele>
   </trkpt>
   <trkpt lat="-33.91672672063469" lon="25.331213311978527">
    <ele>233.84</ele>
   </trkpt>
   <trkpt lat="-33.916593364175355" lon="25.330236654487436">
    <ele>234.52</ele>
   </trkpt>
   <trkpt lat="-33.91646" lon="25.32926">
    <ele>234.64000000000001</ele>
   </trkpt>
   <trkpt lat="-33.9163475093961" lon="25.328379996580956">
    <ele>234.90000000000003</ele>
   </trkpt>
   <trkpt lat="-33.916235012533754" lon="25.32749999548539">
    <ele>235.14000000000001</ele>
   </trkpt>
   <trkpt lat="-33.91612250941301" lon="25.32661999671341">
    <ele>235.63</ele>
   </trkpt>
   <trkpt lat="-33.91601" lon="25.325740000000003">
    <ele>236.22</ele>
   </trkpt>
   <trkpt lat="-33.91588333926661" lon="25.324883330802688">
    <ele>236.75</ele>
   </trkpt>
   <trkpt lat="-33.915756672602306" lon="25.324026664152107">
    <ele>237.39000000000001</ele>
   </trkpt>
   <trkpt lat="-33.91563" lon="25.32317">
    <ele>237.34000000000003</ele>
   </trkpt>
   <trkpt lat="-33.915434014344164" lon="25.32222799134147">
    <ele>236.65000000000003</ele>
   </trkpt>
   <trkpt lat="-33.91523802151698" lon="25.32128598701603">
    <ele>235.62000000000003</ele>
   </trkpt>
   <trkpt lat="-33.91504202151852" lon="25.320343987023772">
    <ele>234.95000000000002</ele>
   </trkpt>
   <trkpt lat="-33.914846014348896" lon="25.319401991364824">
    <ele>234.72</ele>
   </trkpt>
   <trkpt lat="-33.91465" lon="25.31846">
    <ele>234.59</ele>
   </trkpt>
   <trkpt lat="-33.9144740124627" lon="25.31758199276195">
    <ele>234.52</ele>
   </trkpt>
   <trkpt lat="-33.914298018695476" lon="25.316703989150366">
    <ele>235.07000000000002</ele>
   </trkpt>
   <trkpt lat="-33.914122018698436" lon="25.31582598916532">
    <ele>235.54000000000002</ele>
   </trkpt>
   <trkpt lat="-33.913946012471605" lon="25.31494799280691">
    <ele>236.10000000000002</ele>
   </trkpt>
   <trkpt lat="-33.91377" lon="25.31407">
    <ele>236.89000000000001</ele>
   </trkpt>
   <trkpt lat="-33.91357667464676" lon="25.313076662191516">
    <ele>237.67000000000002</ele>
   </trkpt>
   <trkpt lat="-33.91338334131959" lon="25.312083328889898">
    <ele>238.14000000000001</ele>
   </trkpt>
   <trkpt lat="-33.91319" lon="25.311090000000004">
    <ele>237.86</ele>
   </trkpt>
   <trkpt lat="-33.91317" lon="25.310820000000003">
    <ele>237.78</ele>
   </trkpt>
   <trkpt lat="-33.91279" lon="25.310730000000003">
    <ele>238.11</ele>
   </trkpt>
   <trkpt lat="-33.9133049999603" lon="25.310849999252035">
    <ele>237.5</ele>
   </trkpt>
   <trkpt lat="-33.91382" lon="25.31097">
    <ele>236.85000000000002</ele>
   </trkpt>
   <trkpt lat="-33.913740000000004" lon="25.310950000000002">
    <ele>237.02</ele>
   </trkpt>
   <trkpt lat="-33.91377" lon="25.310450000000003">
    <ele>236.34</ele>
   </trkpt>
   <trkpt lat="-33.91377000471303" lon="25.309370000115134">
    <ele>235.79000000000002</ele>
   </trkpt>
   <trkpt lat="-33.91377" lon="25.308290000000003">
    <ele>234.74000000000004</ele>
   </trkpt>
   <trkpt lat="-33.913790003018235" lon="25.30742500042331">
    <ele>233.47</ele>
   </trkpt>
   <trkpt lat="-33.913810000000005" lon="25.30656">
    <ele>232.22</ele>
   </trkpt>
   <trkpt lat="-33.913824018504506" lon="25.305490000713668">
    <ele>231.29000000000002</ele>
   </trkpt>
   <trkpt lat="-33.9138380277567" lon="25.304420001075428">
    <ele>230.87</ele>
   </trkpt>
   <trkpt lat="-33.91385202775657" lon="25.303350001085523">
    <ele>230.73000000000002</ele>
   </trkpt>
   <trkpt lat="-33.91386601850412" lon="25.302280000744165">
    <ele>230.41000000000003</ele>
   </trkpt>
   <trkpt lat="-33.913880000000006" lon="25.30121">
    <ele>230.37</ele>
   </trkpt>
   <trkpt lat="-33.91387667283" lon="25.300336666493138">
    <ele>230.49000000000004</ele>
   </trkpt>
   <trkpt lat="-33.91387333949626" lon="25.299463333054533">
    <ele>230.71</ele>
   </trkpt>
   <trkpt lat="-33.91387" lon="25.29859">
    <ele>231.04000000000002</ele>
   </trkpt>
   <trkpt lat="-33.91395" lon="25.29831">
    <ele>230.92000000000002</ele>
   </trkpt>
   <trkpt lat="-33.91415" lon="25.297800000000002">
    <ele>230.85000000000002</ele>
   </trkpt>
   <trkpt lat="-33.91442000408968" lon="25.297090004457374">
    <ele>230.92000000000002</ele>
   </trkpt>
   <trkpt lat="-33.91469000410553" lon="25.296380004415717">
    <ele>231.06</ele>
   </trkpt>
   <trkpt lat="-33.91496" lon="25.29567">
    <ele>231.32000000000002</ele>
   </trkpt>
   <trkpt lat="-33.91532334036945" lon="25.294736674635242">
    <ele>231.92000000000002</ele>
   </trkpt>
   <trkpt lat="-33.915686673699085" lon="25.293803341311566">
    <ele>232.64000000000001</ele>
   </trkpt>
   <trkpt lat="-33.916050000000006" lon="25.29287">
    <ele>233.64000000000001</ele>
   </trkpt>
   <trkpt lat="-33.91625500127186" lon="25.292305001409048">
    <ele>233.79000000000002</ele>
   </trkpt>
   <trkpt lat="-33.91646" lon="25.29174">
    <ele>233.85000000000002</ele>
   </trkpt>
   <trkpt lat="-33.91683000339336" lon="25.29082000406145">
    <ele>233.35000000000002</ele>
   </trkpt>
   <trkpt lat="-33.9172" lon="25.289900000000003">
    <ele>232.76000000000002</ele>
   </trkpt>
   <trkpt lat="-33.91729" lon="25.289620000000003">
    <ele>232.72</ele>
   </trkpt>
   <trkpt lat="-33.91727" lon="25.28937">
    <ele>232.71000000000004</ele>
   </trkpt>
   <trkpt lat="-33.9170350034698" lon="25.288444997497518">
    <ele>232.34</ele>
   </trkpt>
   <trkpt lat="-33.9168" lon="25.28752">
    <ele>232.01000000000002</ele>
   </trkpt>
   <trkpt lat="-33.91673" lon="25.287380000000002">
    <ele>232.04000000000002</ele>
   </trkpt>
   <trkpt lat="-33.91657" lon="25.287180000000003">
    <ele>232.03</ele>
   </trkpt>
   <trkpt lat="-33.91633" lon="25.286980000000003">
    <ele>231.9</ele>
   </trkpt>
   <trkpt lat="-33.916340000000005" lon="25.287000000000003">
    <ele>231.9</ele>
   </trkpt>
   <trkpt lat="-33.915653338612024" lon="25.28648831271061">
    <ele>231.59</ele>
   </trkpt>
   <trkpt lat="-33.91496667510814" lon="25.28597663366752">
    <ele>230.82000000000002</ele>
   </trkpt>
   <trkpt lat="-33.91428000948843" lon="25.285464962870414">
    <ele>230.85000000000002</ele>
   </trkpt>
   <trkpt lat="-33.91359334175299" lon="25.284953300318968">
    <ele>231.13000000000002</ele>
   </trkpt>
   <trkpt lat="-33.912906671901915" lon="25.284441646012866">
    <ele>231.61</ele>
   </trkpt>
   <trkpt lat="-33.912220000000005" lon="25.28393">
    <ele>232.60000000000002</ele>
   </trkpt>
   <trkpt lat="-33.91163" lon="25.28348">
    <ele>234.24000000000004</ele>
   </trkpt>
   <trkpt lat="-33.91154" lon="25.28339">
    <ele>234.24000000000004</ele>
   </trkpt>
   <trkpt lat="-33.91145" lon="25.283250000000002">
    <ele>234.34</ele>
   </trkpt>
   <trkpt lat="-33.91136" lon="25.283">
    <ele>234.46000000000004</ele>
   </trkpt>
   <trkpt lat="-33.91131" lon="25.282090000000004">
    <ele>234.20000000000002</ele>
   </trkpt>
   <trkpt lat="-33.9112" lon="25.281440000000003">
    <ele>234.09</ele>
   </trkpt>
   <trkpt lat="-33.9108560152156" lon="25.28046998436475">
    <ele>234.34</ele>
   </trkpt>
   <trkpt lat="-33.9105120228276" lon="25.279499976559425">
    <ele>234.71000000000004</ele>
   </trkpt>
   <trkpt lat="-33.91016802283617" lon="25.278529976584025">
    <ele>233.97</ele>
   </trkpt>
   <trkpt lat="-33.909824015241455" lon="25.27755998443856">
    <ele>233.45000000000002</ele>
   </trkpt>
   <trkpt lat="-33.90948" lon="25.276590000000002">
    <ele>234.37</ele>
   </trkpt>
   <trkpt lat="-33.908620000000006" lon="25.2768">
    <ele>235.88</ele>
   </trkpt>
   <trkpt lat="-33.90813" lon="25.2769">
    <ele>236.28</ele>
   </trkpt>
   <trkpt lat="-33.90771" lon="25.27692">
    <ele>236.86</ele>
   </trkpt>
   <trkpt lat="-33.90700666668386" lon="25.2768699991747">
    <ele>237.79000000000002</ele>
   </trkpt>
   <trkpt lat="-33.90630333334751" lon="25.276819999174492">
    <ele>239.13</ele>
   </trkpt>
   <trkpt lat="-33.9056" lon="25.276770000000003">
    <ele>241.42000000000002</ele>
   </trkpt>
   <trkpt lat="-33.9048480000212" lon="25.276729998588397">
    <ele>244.42000000000002</ele>
   </trkpt>
   <trkpt lat="-33.904096000029476" lon="25.276689997882503">
    <ele>247.42000000000002</ele>
   </trkpt>
   <trkpt lat="-33.903344000024816" lon="25.276649997882284">
    <ele>250.63000000000002</ele>
   </trkpt>
   <trkpt lat="-33.902592000007225" lon="25.27660999858772">
    <ele>254.0</ele>
   </trkpt>
   <trkpt lat="-33.90184" lon="25.276570000000003">
    <ele>258.11</ele>
   </trkpt>
   <trkpt lat="-33.901880000000006" lon="25.276760000000003">
    <ele>257.94</ele>
   </trkpt>
   <trkpt lat="-33.9018" lon="25.27633">
    <ele>258.31000000000006</ele>
   </trkpt>
   <trkpt lat="-33.90151" lon="25.276410000000002">
    <ele>259.61</ele>
   </trkpt>
   <trkpt lat="-33.90066" lon="25.27671">
    <ele>264.91</ele>
   </trkpt>
   <trkpt lat="-33.9003" lon="25.276870000000002">
    <ele>268.20000000000005</ele>
   </trkpt>
   <trkpt lat="-33.90025" lon="25.27701">
    <ele>268.38</ele>
   </trkpt>
   <trkpt lat="-33.90001" lon="25.27745">
    <ele>269.08000000000004</ele>
   </trkpt>
   <trkpt lat="-33.899640001398915" lon="25.278015002284832">
    <ele>270.16</ele>
   </trkpt>
   <trkpt lat="-33.89927" lon="25.27858">
    <ele>270.46000000000004</ele>
   </trkpt>
   <trkpt lat="-33.89909" lon="25.27889">
    <ele>270.04</ele>
   </trkpt>
   <trkpt lat="-33.89871" lon="25.27982">
    <ele>267.17</ele>
   </trkpt>
   <trkpt lat="-33.89844" lon="25.280530000000002">
    <ele>264.79</ele>
   </trkpt>
   <trkpt lat="-33.89835" lon="25.280820000000002">
    <ele>264.03000000000003</ele>
   </trkpt>
   <trkpt lat="-33.89820500159862" lon="25.281440000858794">
    <ele>263.97</ele>
   </trkpt>
   <trkpt lat="-33.89806" lon="25.28206">
    <ele>264.59000000000003</ele>
   </trkpt>
   <trkpt lat="-33.89786" lon="25.282690000000002">
    <ele>265.04</ele>
   </trkpt>
   <trkpt lat="-33.89772" lon="25.28299">
    <ele>265.06</ele>
   </trkpt>
   <trkpt lat="-33.89741000086343" lon="25.283470001849203">
    <ele>264.19000000000005</ele>
   </trkpt>
   <trkpt lat="-33.8971" lon="25.28395">
    <ele>263.43</ele>
   </trkpt>
   <trkpt lat="-33.896675001595426" lon="25.284585003214755">
    <ele>263.75000000000006</ele>
   </trkpt>
   <trkpt lat="-33.89625" lon="25.285220000000002">
    <ele>263.03000000000003</ele>
   </trkpt>
   <trkpt lat="-33.89567500223331" lon="25.285965005034594">
    <ele>260.3</ele>
   </trkpt>
   <trkpt lat="-33.8951" lon="25.286710000000003">
    <ele>260.67</ele>
   </trkpt>
   <trkpt lat="-33.894560000000006" lon="25.287370000000003">
    <ele>263.12</ele>
   </trkpt>
   <trkpt lat="-33.89396" lon="25.28815">
    <ele>264.20000000000005</ele>
   </trkpt>
   <trkpt lat="-33.89339333842992" lon="25.288943343858964">
    <ele>265.67</ele>
   </trkpt>
   <trkpt lat="-33.89282667177501" lon="25.289736677175643">
    <ele>266.05</ele>
   </trkpt>
   <trkpt lat="-33.89226" lon="25.29053">
    <ele>266.20000000000005</ele>
   </trkpt>
   <trkpt lat="-33.89191000095731" lon="25.29104500228115">
    <ele>266.35</ele>
   </trkpt>
   <trkpt lat="-33.891560000000005" lon="25.29156">
    <ele>266.25000000000006</ele>
   </trkpt>
   <trkpt lat="-33.89119" lon="25.292160000000003">
    <ele>265.58000000000004</ele>
   </trkpt>
   <trkpt lat="-33.89069500292096" lon="25.293015005016994">
    <ele>264.36</ele>
   </trkpt>
   <trkpt lat="-33.8902" lon="25.293870000000002">
    <ele>264.27</ele>
   </trkpt>
   <trkpt lat="-33.889790000000005" lon="25.294520000000002">
    <ele>264.47</ele>
   </trkpt>
   <trkpt lat="-33.88933" lon="25.29416">
    <ele>265.34000000000003</ele>
   </trkpt>
   <trkpt lat="-33.88933" lon="25.29417">
    <ele>265.33</ele>
   </trkpt>
   <trkpt lat="-33.889790000000005" lon="25.294520000000002">
    <ele>264.47</ele>
   </trkpt>
   <trkpt lat="-33.8894" lon="25.295050000000003">
    <ele>263.90000000000003</ele>
   </trkpt>
   <trkpt lat="-33.888950002649004" lon="25.295620005983217">
    <ele>263.23</ele>
   </trkpt>
   <trkpt lat="-33.888500002673275" lon="25.296190005952393">
    <ele>262.46000000000004</ele>
   </trkpt>
   <trkpt lat="-33.88805" lon="25.296760000000003">
    <ele>262.31000000000006</ele>
   </trkpt>
   <trkpt lat="-33.8876200023726" lon="25.29600999639487">
    <ele>261.69000000000005</ele>
   </trkpt>
   <trkpt lat="-33.887190000000004" lon="25.295260000000003">
    <ele>261.42</ele>
   </trkpt>
   <trkpt lat="-33.887" lon="25.294980000000002">
    <ele>261.28000000000003</ele>
   </trkpt>
   <trkpt lat="-33.88678" lon="25.294680000000003">
    <ele>261.26000000000005</ele>
   </trkpt>
   <trkpt lat="-33.88631666845449" lon="25.294209994898072">
    <ele>261.03999999999996</ele>
   </trkpt>
   <trkpt lat="-33.885853335124494" lon="25.293739994901514">
    <ele>261.17</ele>
   </trkpt>
   <trkpt lat="-33.88539" lon="25.293270000000003">
    <ele>261.90000000000003</ele>
   </trkpt>
   <trkpt lat="-33.885250000000006" lon="25.29316">
    <ele>261.90000000000003</ele>
   </trkpt>
   <trkpt lat="-33.88503" lon="25.29295">
    <ele>262.25000000000006</ele>
   </trkpt>
   <trkpt lat="-33.88454" lon="25.29269">
    <ele>262.43</ele>
   </trkpt>
   <trkpt lat="-33.88431" lon="25.29257">
    <ele>262.47</ele>
   </trkpt>
   <trkpt lat="-33.8842" lon="25.29248">
    <ele>262.58000000000004</ele>
   </trkpt>
   <trkpt lat="-33.88409" lon="25.292350000000003">
    <ele>262.58000000000004</ele>
   </trkpt>
   <trkpt lat="-33.88363000159712" lon="25.2917499969517">
    <ele>263.58000000000004</ele>
   </trkpt>
   <trkpt lat="-33.88317" lon="25.291150000000002">
    <ele>264.13000000000005</ele>
   </trkpt>
   <trkpt lat="-33.88297" lon="25.290820000000004">
    <ele>264.97</ele>
   </trkpt>
   <trkpt lat="-33.88286" lon="25.290550000000003">
    <ele>265.46000000000004</ele>
   </trkpt>
   <trkpt lat="-33.88257667452153" lon="25.289563326749303">
    <ele>268.55</ele>
   </trkpt>
   <trkpt lat="-33.882293341179235" lon="25.288576660051557">
    <ele>271.49</ele>
   </trkpt>
   <trkpt lat="-33.88201" lon="25.28759">
    <ele>272.81</ele>
   </trkpt>
   <trkpt lat="-33.88185" lon="25.287170000000003">
    <ele>272.05</ele>
   </trkpt>
   <trkpt lat="-33.88137000253922" lon="25.28636999542355">
    <ele>267.16</ele>
   </trkpt>
   <trkpt lat="-33.88089" lon="25.285570000000003">
    <ele>268.49</ele>
   </trkpt>
   <trkpt lat="-33.88076" lon="25.285310000000003">
    <ele>268.40000000000003</ele>
   </trkpt>
   <trkpt lat="-33.88058" lon="25.28487">
    <ele>268.55</ele>
   </trkpt>
   <trkpt lat="-33.88044" lon="25.28441">
    <ele>269.22</ele>
   </trkpt>
   <trkpt lat="-33.8804" lon="25.28412">
    <ele>269.74</ele>
   </trkpt>
   <trkpt lat="-33.88035" lon="25.283450000000002">
    <ele>271.44</ele>
   </trkpt>
   <trkpt lat="-33.8804" lon="25.28302">
    <ele>273.68</ele>
   </trkpt>
   <trkpt lat="-33.880390000000006" lon="25.282700000000002">
    <ele>275.26</ele>
   </trkpt>
   <trkpt lat="-33.88033" lon="25.282560000000004">
    <ele>275.62</ele>
   </trkpt>
   <trkpt lat="-33.8802" lon="25.282300000000003">
    <ele>278.01000000000005</ele>
   </trkpt>
   <trkpt lat="-33.8797" lon="25.28169">
    <ele>282.05</ele>
   </trkpt>
   <trkpt lat="-33.87942" lon="25.281290000000002">
    <ele>282.40000000000003</ele>
   </trkpt>
   <trkpt lat="-33.87919000128839" lon="25.28072499847502">
    <ele>281.83000000000004</ele>
   </trkpt>
   <trkpt lat="-33.87896" lon="25.280160000000002">
    <ele>280.96999999999997</ele>
   </trkpt>
   <trkpt lat="-33.87885" lon="25.279780000000002">
    <ele>280.05</ele>
   </trkpt>
   <trkpt lat="-33.87885" lon="25.279390000000003">
    <ele>278.56</ele>
   </trkpt>
   <trkpt lat="-33.87896" lon="25.27897">
    <ele>277.45000000000005</ele>
   </trkpt>
   <trkpt lat="-33.87894" lon="25.278650000000003">
    <ele>278.01000000000005</ele>
   </trkpt>
   <trkpt lat="-33.8787" lon="25.278010000000002">
    <ele>281.54</ele>
   </trkpt>
   <trkpt lat="-33.87840000774025" lon="25.27702999305349">
    <ele>282.61</ele>
   </trkpt>
   <trkpt lat="-33.878100007723056" lon="25.276049992997436">
    <ele>282.83000000000004</ele>
   </trkpt>
   <trkpt lat="-33.8778" lon="25.275070000000003">
    <ele>281.68000000000006</ele>
   </trkpt>
   <trkpt lat="-33.87759000306755" lon="25.274194997744754">
    <ele>281.85</ele>
   </trkpt>
   <trkpt lat="-33.87738" lon="25.273320000000002">
    <ele>281.37</ele>
   </trkpt>
   <trkpt lat="-33.87729" lon="25.273030000000002">
    <ele>281.07000000000005</ele>
   </trkpt>
   <trkpt lat="-33.87722" lon="25.272850000000002">
    <ele>281.21000000000004</ele>
   </trkpt>
   <trkpt lat="-33.87708" lon="25.2726">
    <ele>282.33000000000004</ele>
   </trkpt>
   <trkpt lat="-33.87655" lon="25.27175">
    <ele>288.94</ele>
   </trkpt>
   <trkpt lat="-33.87617000190495" lon="25.271064996967898">
    <ele>293.87</ele>
   </trkpt>
   <trkpt lat="-33.87579" lon="25.270380000000003">
    <ele>297.98</ele>
   </trkpt>
   <trkpt lat="-33.87565" lon="25.27004">
    <ele>298.89000000000004</ele>
   </trkpt>
   <trkpt lat="-33.87563" lon="25.26985">
    <ele>299.52</ele>
   </trkpt>
   <trkpt lat="-33.87567" lon="25.26951">
    <ele>300.03000000000003</ele>
   </trkpt>
   <trkpt lat="-33.87574" lon="25.26931">
    <ele>300.56000000000006</ele>
   </trkpt>
   <trkpt lat="-33.87594" lon="25.26903">
    <ele>301.14</ele>
   </trkpt>
   <trkpt lat="-33.87617" lon="25.26882">
    <ele>301.77000000000004</ele>
   </trkpt>
   <trkpt lat="-33.876450000000006" lon="25.268690000000003">
    <ele>302.68</ele>
   </trkpt>
   <trkpt lat="-33.87644" lon="25.268690000000003">
    <ele>302.69</ele>
   </trkpt>
   <trkpt lat="-33.87695" lon="25.268490000000003">
    <ele>304.58</ele>
   </trkpt>
   <trkpt lat="-33.87729" lon="25.268340000000002">
    <ele>306.3</ele>
   </trkpt>
   <trkpt lat="-33.87738" lon="25.26828">
    <ele>306.34</ele>
   </trkpt>
   <trkpt lat="-33.87776" lon="25.267970000000002">
    <ele>305.16</ele>
   </trkpt>
   <trkpt lat="-33.87778" lon="25.2679">
    <ele>305.04</ele>
   </trkpt>
   <trkpt lat="-33.87778" lon="25.26779">
    <ele>305.08</ele>
   </trkpt>
   <trkpt lat="-33.87773" lon="25.267680000000002">
    <ele>305.15000000000003</ele>
   </trkpt>
   <trkpt lat="-33.87769" lon="25.267640000000004">
    <ele>305.15000000000003</ele>
   </trkpt>
   <trkpt lat="-33.87722000009257" lon="25.26749999923295">
    <ele>305.96</ele>
   </trkpt>
   <trkpt lat="-33.87675" lon="25.267360000000004">
    <ele>306.12</ele>
   </trkpt>
   <trkpt lat="-33.87632" lon="25.267200000000003">
    <ele>305.71000000000004</ele>
   </trkpt>
   <trkpt lat="-33.87599" lon="25.26704">
    <ele>305.32000000000005</ele>
   </trkpt>
   <trkpt lat="-33.87565" lon="25.26678">
    <ele>304.27000000000004</ele>
   </trkpt>
   <trkpt lat="-33.875510000000006" lon="25.266530000000003">
    <ele>303.83000000000004</ele>
   </trkpt>
   <trkpt lat="-33.87538" lon="25.26622">
    <ele>303.83000000000004</ele>
   </trkpt>
   <trkpt lat="-33.87523" lon="25.265680000000003">
    <ele>303.25</ele>
   </trkpt>
   <trkpt lat="-33.87496" lon="25.2647">
    <ele>298.44000000000005</ele>
   </trkpt>
   <trkpt lat="-33.87482" lon="25.264020000000002">
    <ele>296.12000000000006</ele>
   </trkpt>
   <trkpt lat="-33.87467" lon="25.26369">
    <ele>295.97</ele>
   </trkpt>
   <trkpt lat="-33.87433" lon="25.26328">
    <ele>299.65000000000003</ele>
   </trkpt>
   <trkpt lat="-33.87422" lon="25.26301">
    <ele>302.16</ele>
   </trkpt>
   <trkpt lat="-33.874" lon="25.26208">
    <ele>308.20000000000005</ele>
   </trkpt>
   <trkpt lat="-33.87373" lon="25.26131">
    <ele>313.25</ele>
   </trkpt>
   <trkpt lat="-33.8737" lon="25.261160000000004">
    <ele>313.99000000000007</ele>
   </trkpt>
   <trkpt lat="-33.8737" lon="25.26115">
    <ele>313.99000000000007</ele>
   </trkpt>
   <trkpt lat="-33.87364" lon="25.26094">
    <ele>315.39</ele>
   </trkpt>
   <trkpt lat="-33.87351500183121" lon="25.260264998964146">
    <ele>317.96000000000004</ele>
   </trkpt>
   <trkpt lat="-33.87339" lon="25.259590000000003">
    <ele>320.44</ele>
   </trkpt>
   <trkpt lat="-33.873290000000004" lon="25.259200000000003">
    <ele>322.35</ele>
   </trkpt>
   <trkpt lat="-33.87400000045163" lon="25.258840003031153">
    <ele>331.16</ele>
   </trkpt>
   <trkpt lat="-33.87471" lon="25.258480000000002">
    <ele>338.16</ele>
   </trkpt>
   <trkpt lat="-33.87491" lon="25.25834">
    <ele>338.16</ele>
   </trkpt>
   <trkpt lat="-33.87505" lon="25.258160000000004">
    <ele>345.55</ele>
   </trkpt>
   <trkpt lat="-33.87529500085103" lon="25.257670001643874">
    <ele>348.89000000000004</ele>
   </trkpt>
   <trkpt lat="-33.87554" lon="25.25718">
    <ele>352.12000000000006</ele>
   </trkpt>
   <trkpt lat="-33.87567" lon="25.257">
    <ele>355.98</ele>
   </trkpt>
   <trkpt lat="-33.87592" lon="25.256770000000003">
    <ele>358.83000000000004</ele>
   </trkpt>
   <trkpt lat="-33.87605" lon="25.256690000000003">
    <ele>359.75</ele>
   </trkpt>
   <trkpt lat="-33.87621" lon="25.25663">
    <ele>361.91</ele>
   </trkpt>
   <trkpt lat="-33.87635" lon="25.256610000000002">
    <ele>362.72</ele>
   </trkpt>
   <trkpt lat="-33.87666" lon="25.25665">
    <ele>366.66</ele>
   </trkpt>
   <trkpt lat="-33.87722" lon="25.25682">
    <ele>372.73</ele>
   </trkpt>
   <trkpt lat="-33.8776" lon="25.256980000000002">
    <ele>375.6</ele>
   </trkpt>
   <trkpt lat="-33.87782" lon="25.25702">
    <ele>376.77000000000004</ele>
   </trkpt>
   <trkpt lat="-33.87805" lon="25.256980000000002">
    <ele>378.17</ele>
   </trkpt>
   <trkpt lat="-33.87834" lon="25.256890000000002">
    <ele>381.27000000000004</ele>
   </trkpt>
   <trkpt lat="-33.87843" lon="25.25684">
    <ele>381.27000000000004</ele>
   </trkpt>
   <trkpt lat="-33.87861" lon="25.256700000000002">
    <ele>384.16</ele>
   </trkpt>
   <trkpt lat="-33.87899" lon="25.25635">
    <ele>389.94</ele>
   </trkpt>
   <trkpt lat="-33.87914" lon="25.256140000000002">
    <ele>389.94</ele>
   </trkpt>
   <trkpt lat="-33.87921" lon="25.25598">
    <ele>392.68</ele>
   </trkpt>
   <trkpt lat="-33.8793" lon="25.2556">
    <ele>395.87000000000006</ele>
   </trkpt>
   <trkpt lat="-33.87932" lon="25.255440000000004">
    <ele>395.87000000000006</ele>
   </trkpt>
   <trkpt lat="-33.87935" lon="25.254910000000002">
    <ele>400.14000000000004</ele>
   </trkpt>
   <trkpt lat="-33.87935" lon="25.254070000000002">
    <ele>406.18</ele>
   </trkpt>
   <trkpt lat="-33.87937" lon="25.25393">
    <ele>406.75000000000006</ele>
   </trkpt>
   <trkpt lat="-33.87946" lon="25.25382">
    <ele>407.55</ele>
   </trkpt>
   <trkpt lat="-33.87957" lon="25.25374">
    <ele>408.62</ele>
   </trkpt>
   <trkpt lat="-33.87973" lon="25.253680000000003">
    <ele>409.97</ele>
   </trkpt>
   <trkpt lat="-33.87997" lon="25.253660000000004">
    <ele>412.66</ele>
   </trkpt>
   <trkpt lat="-33.88078" lon="25.253850000000003">
    <ele>422.91</ele>
   </trkpt>
   <trkpt lat="-33.88096" lon="25.253870000000003">
    <ele>425.99</ele>
   </trkpt>
   <trkpt lat="-33.88123" lon="25.253860000000003">
    <ele>429.48</ele>
   </trkpt>
   <trkpt lat="-33.88158" lon="25.253780000000003">
    <ele>434.98</ele>
   </trkpt>
   <trkpt lat="-33.88228" lon="25.253560000000004">
    <ele>445.75</ele>
   </trkpt>
   <trkpt lat="-33.88264" lon="25.253480000000003">
    <ele>451.12</ele>
   </trkpt>
   <trkpt lat="-33.88293" lon="25.253500000000003">
    <ele>453.61</ele>
   </trkpt>
   <trkpt lat="-33.88322" lon="25.25362">
    <ele>459.72</ele>
   </trkpt>
   <trkpt lat="-33.88329" lon="25.253670000000003">
    <ele>461.01000000000005</ele>
   </trkpt>
   <trkpt lat="-33.88333" lon="25.253750000000004">
    <ele>461.61</ele>
   </trkpt>
   <trkpt lat="-33.88344" lon="25.25439">
    <ele>469.71</ele>
   </trkpt>
   <trkpt lat="-33.88367" lon="25.254910000000002">
    <ele>474.14000000000004</ele>
   </trkpt>
   <trkpt lat="-33.88378" lon="25.25503">
    <ele>476.39000000000004</ele>
   </trkpt>
   <trkpt lat="-33.88409" lon="25.25531">
    <ele>481.98</ele>
   </trkpt>
   <trkpt lat="-33.8842" lon="25.2555">
    <ele>484.23</ele>
   </trkpt>
   <trkpt lat="-33.88423" lon="25.255730000000003">
    <ele>486.7</ele>
   </trkpt>
   <trkpt lat="-33.88427" lon="25.25655">
    <ele>494.08</ele>
   </trkpt>
   <trkpt lat="-33.88431" lon="25.25672">
    <ele>494.81</ele>
   </trkpt>
   <trkpt lat="-33.88447" lon="25.257060000000003">
    <ele>496.57000000000005</ele>
   </trkpt>
   <trkpt lat="-33.88472" lon="25.257450000000002">
    <ele>496.95000000000005</ele>
   </trkpt>
   <trkpt lat="-33.8853" lon="25.258210000000002">
    <ele>498.05</ele>
   </trkpt>
   <trkpt lat="-33.88593" lon="25.25897">
    <ele>503.5200000000001</ele>
   </trkpt>
   <trkpt lat="-33.88608" lon="25.25918">
    <ele>507.3500000000001</ele>
   </trkpt>
   <trkpt lat="-33.88639500185399" lon="25.25985999745958">
    <ele>516.82</ele>
   </trkpt>
   <trkpt lat="-33.88671" lon="25.260540000000002">
    <ele>523.64</ele>
   </trkpt>
   <trkpt lat="-33.88696" lon="25.261010000000002">
    <ele>530.34</ele>
   </trkpt>
   <trkpt lat="-33.88705" lon="25.26123">
    <ele>533.61</ele>
   </trkpt>
   <trkpt lat="-33.88719500109737" lon="25.261754999049995">
    <ele>539.25</ele>
   </trkpt>
   <trkpt lat="-33.88734" lon="25.26228">
    <ele>547.4300000000001</ele>
   </trkpt>
   <trkpt lat="-33.88738" lon="25.26264">
    <ele>549.46</ele>
   </trkpt>
   <trkpt lat="-33.8874" lon="25.2631">
    <ele>552.52</ele>
   </trkpt>
   <trkpt lat="-33.88738" lon="25.263910000000003">
    <ele>559.0400000000001</ele>
   </trkpt>
   <trkpt lat="-33.88734" lon="25.26416">
    <ele>560.57</ele>
   </trkpt>
   <trkpt lat="-33.88723" lon="25.26453">
    <ele>565.4800000000001</ele>
   </trkpt>
   <trkpt lat="-33.88729" lon="25.26462">
    <ele>565.1</ele>
   </trkpt>
   <trkpt lat="-33.88734" lon="25.264730000000004">
    <ele>565.09</ele>
   </trkpt>
   <trkpt lat="-33.88729" lon="25.26518">
    <ele>567.58</ele>
   </trkpt>
   <trkpt lat="-33.88731" lon="25.26544">
    <ele>568.99</ele>
   </trkpt>
   <trkpt lat="-33.887480000000004" lon="25.26591">
    <ele>573.99</ele>
   </trkpt>
   <trkpt lat="-33.887480000000004" lon="25.26592">
    <ele>574.04</ele>
   </trkpt>
   <trkpt lat="-33.88774" lon="25.26621">
    <ele>576.1400000000001</ele>
   </trkpt>
   <trkpt lat="-33.88801" lon="25.26658">
    <ele>578.64</ele>
   </trkpt>
   <trkpt lat="-33.88812" lon="25.266900000000003">
    <ele>580.5600000000001</ele>
   </trkpt>
   <trkpt lat="-33.88846" lon="25.26732">
    <ele>576.26</ele>
   </trkpt>
   <trkpt lat="-33.88859" lon="25.26735">
    <ele>573.6600000000001</ele>
   </trkpt>
   <trkpt lat="-33.88917" lon="25.26742">
    <ele>562.67</ele>
   </trkpt>
   <trkpt lat="-33.88973" lon="25.267400000000002">
    <ele>548.0400000000001</ele>
   </trkpt>
   <trkpt lat="-33.89027" lon="25.267280000000003">
    <ele>538.91</ele>
   </trkpt>
   <trkpt lat="-33.8904" lon="25.26723">
    <ele>537.1</ele>
   </trkpt>
   <trkpt lat="-33.89063" lon="25.267020000000002">
    <ele>534.1700000000001</ele>
   </trkpt>
   <trkpt lat="-33.89085" lon="25.26677">
    <ele>532.95</ele>
   </trkpt>
   <trkpt lat="-33.89092" lon="25.266510000000004">
    <ele>532.58</ele>
   </trkpt>
   <trkpt lat="-33.891000001720144" lon="25.265860000499778">
    <ele>530.6</ele>
   </trkpt>
   <trkpt lat="-33.89108" lon="25.265210000000003">
    <ele>529.99</ele>
   </trkpt>
   <trkpt lat="-33.89108" lon="25.265200000000004">
    <ele>529.99</ele>
   </trkpt>
   <trkpt lat="-33.89100000173525" lon="25.265855000595803">
    <ele>530.6</ele>
   </trkpt>
   <trkpt lat="-33.89092" lon="25.266510000000004">
    <ele>532.6700000000001</ele>
   </trkpt>
   <trkpt lat="-33.89085" lon="25.26677">
    <ele>532.95</ele>
   </trkpt>
   <trkpt lat="-33.89063" lon="25.267020000000002">
    <ele>534.1700000000001</ele>
   </trkpt>
   <trkpt lat="-33.8904" lon="25.26723">
    <ele>537.1</ele>
   </trkpt>
   <trkpt lat="-33.89027" lon="25.267280000000003">
    <ele>538.91</ele>
   </trkpt>
   <trkpt lat="-33.88973" lon="25.267400000000002">
    <ele>548.0400000000001</ele>
   </trkpt>
   <trkpt lat="-33.88917" lon="25.26742">
    <ele>563.6000000000001</ele>
   </trkpt>
   <trkpt lat="-33.88859" lon="25.26735">
    <ele>573.6600000000001</ele>
   </trkpt>
   <trkpt lat="-33.88846" lon="25.26732">
    <ele>577.08</ele>
   </trkpt>
   <trkpt lat="-33.88812" lon="25.266900000000003">
    <ele>580.5600000000001</ele>
   </trkpt>
   <trkpt lat="-33.88801" lon="25.26658">
    <ele>578.64</ele>
   </trkpt>
   <trkpt lat="-33.88774" lon="25.26621">
    <ele>576.1400000000001</ele>
   </trkpt>
   <trkpt lat="-33.887480000000004" lon="25.26591">
    <ele>573.99</ele>
   </trkpt>
   <trkpt lat="-33.88731" lon="25.26544">
    <ele>568.99</ele>
   </trkpt>
   <trkpt lat="-33.88729" lon="25.26518">
    <ele>566.6500000000001</ele>
   </trkpt>
   <trkpt lat="-33.88734" lon="25.264730000000004">
    <ele>565.07</ele>
   </trkpt>
   <trkpt lat="-33.88729" lon="25.26462">
    <ele>565.19</ele>
   </trkpt>
   <trkpt lat="-33.88723" lon="25.26453">
    <ele>565.4800000000001</ele>
   </trkpt>
   <trkpt lat="-33.88734" lon="25.26416">
    <ele>560.57</ele>
   </trkpt>
   <trkpt lat="-33.88738" lon="25.263910000000003">
    <ele>559.0400000000001</ele>
   </trkpt>
   <trkpt lat="-33.8874" lon="25.2631">
    <ele>552.52</ele>
   </trkpt>
   <trkpt lat="-33.88738" lon="25.26264">
    <ele>549.46</ele>
   </trkpt>
   <trkpt lat="-33.88734" lon="25.26228">
    <ele>544.07</ele>
   </trkpt>
   <trkpt lat="-33.88719500112921" lon="25.261754999165262">
    <ele>539.25</ele>
   </trkpt>
   <trkpt lat="-33.88705" lon="25.26123">
    <ele>533.61</ele>
   </trkpt>
   <trkpt lat="-33.88696" lon="25.261010000000002">
    <ele>530.34</ele>
   </trkpt>
   <trkpt lat="-33.88671" lon="25.260540000000002">
    <ele>523.64</ele>
   </trkpt>
   <trkpt lat="-33.88639500188136" lon="25.259859997518667">
    <ele>516.82</ele>
   </trkpt>
   <trkpt lat="-33.88608" lon="25.25918">
    <ele>507.3500000000001</ele>
   </trkpt>
   <trkpt lat="-33.88593" lon="25.25897">
    <ele>503.02000000000004</ele>
   </trkpt>
   <trkpt lat="-33.8853" lon="25.258210000000002">
    <ele>498.05</ele>
   </trkpt>
   <trkpt lat="-33.88472" lon="25.257450000000002">
    <ele>496.95000000000005</ele>
   </trkpt>
   <trkpt lat="-33.88447" lon="25.257060000000003">
    <ele>496.42</ele>
   </trkpt>
   <trkpt lat="-33.88431" lon="25.25672">
    <ele>494.08</ele>
   </trkpt>
   <trkpt lat="-33.88427" lon="25.25655">
    <ele>494.08</ele>
   </trkpt>
   <trkpt lat="-33.88423" lon="25.255730000000003">
    <ele>485.69000000000005</ele>
   </trkpt>
   <trkpt lat="-33.8842" lon="25.2555">
    <ele>484.23</ele>
   </trkpt>
   <trkpt lat="-33.88409" lon="25.25531">
    <ele>481.98</ele>
   </trkpt>
   <trkpt lat="-33.88378" lon="25.25503">
    <ele>476.39000000000004</ele>
   </trkpt>
   <trkpt lat="-33.88367" lon="25.254910000000002">
    <ele>474.14000000000004</ele>
   </trkpt>
   <trkpt lat="-33.88344" lon="25.25439">
    <ele>466.9800000000001</ele>
   </trkpt>
   <trkpt lat="-33.88333" lon="25.253750000000004">
    <ele>461.61</ele>
   </trkpt>
   <trkpt lat="-33.88329" lon="25.253670000000003">
    <ele>461.01000000000005</ele>
   </trkpt>
   <trkpt lat="-33.88322" lon="25.25362">
    <ele>459.72</ele>
   </trkpt>
   <trkpt lat="-33.88293" lon="25.253500000000003">
    <ele>453.61</ele>
   </trkpt>
   <trkpt lat="-33.88264" lon="25.253480000000003">
    <ele>451.12</ele>
   </trkpt>
   <trkpt lat="-33.88228" lon="25.253560000000004">
    <ele>444.55000000000007</ele>
   </trkpt>
   <trkpt lat="-33.88158" lon="25.253780000000003">
    <ele>434.98</ele>
   </trkpt>
   <trkpt lat="-33.88123" lon="25.253860000000003">
    <ele>429.48</ele>
   </trkpt>
   <trkpt lat="-33.88096" lon="25.253870000000003">
    <ele>425.99</ele>
   </trkpt>
   <trkpt lat="-33.88078" lon="25.253850000000003">
    <ele>422.91</ele>
   </trkpt>
   <trkpt lat="-33.87997" lon="25.253660000000004">
    <ele>412.66</ele>
   </trkpt>
   <trkpt lat="-33.87973" lon="25.253680000000003">
    <ele>409.97</ele>
   </trkpt>
   <trkpt lat="-33.87957" lon="25.25374">
    <ele>408.23</ele>
   </trkpt>
   <trkpt lat="-33.87946" lon="25.25382">
    <ele>407.55</ele>
   </trkpt>
   <trkpt lat="-33.87937" lon="25.25393">
    <ele>406.75000000000006</ele>
   </trkpt>
   <trkpt lat="-33.87935" lon="25.254070000000002">
    <ele>405.55</ele>
   </trkpt>
   <trkpt lat="-33.87935" lon="25.254910000000002">
    <ele>400.14000000000004</ele>
   </trkpt>
   <trkpt lat="-33.87932" lon="25.255440000000004">
    <ele>395.87000000000006</ele>
   </trkpt>
   <trkpt lat="-33.8793" lon="25.2556">
    <ele>395.87000000000006</ele>
   </trkpt>
   <trkpt lat="-33.87921" lon="25.25598">
    <ele>392.68</ele>
   </trkpt>
   <trkpt lat="-33.87914" lon="25.256140000000002">
    <ele>389.94</ele>
   </trkpt>
   <trkpt lat="-33.87899" lon="25.25635">
    <ele>389.94</ele>
   </trkpt>
   <trkpt lat="-33.87861" lon="25.256700000000002">
    <ele>384.16</ele>
   </trkpt>
   <trkpt lat="-33.87843" lon="25.25684">
    <ele>381.27000000000004</ele>
   </trkpt>
   <trkpt lat="-33.87834" lon="25.256890000000002">
    <ele>380.48</ele>
   </trkpt>
   <trkpt lat="-33.87805" lon="25.256980000000002">
    <ele>378.17</ele>
   </trkpt>
   <trkpt lat="-33.87782" lon="25.25702">
    <ele>376.77000000000004</ele>
   </trkpt>
   <trkpt lat="-33.8776" lon="25.256980000000002">
    <ele>375.6</ele>
   </trkpt>
   <trkpt lat="-33.87722" lon="25.25682">
    <ele>369.6</ele>
   </trkpt>
   <trkpt lat="-33.87666" lon="25.25665">
    <ele>366.66</ele>
   </trkpt>
   <trkpt lat="-33.87635" lon="25.256610000000002">
    <ele>362.72</ele>
   </trkpt>
   <trkpt lat="-33.87621" lon="25.25663">
    <ele>361.91</ele>
   </trkpt>
   <trkpt lat="-33.87605" lon="25.256690000000003">
    <ele>359.75</ele>
   </trkpt>
   <trkpt lat="-33.87592" lon="25.256770000000003">
    <ele>358.83000000000004</ele>
   </trkpt>
   <trkpt lat="-33.87567" lon="25.257">
    <ele>355.98</ele>
   </trkpt>
   <trkpt lat="-33.87554" lon="25.25718">
    <ele>352.12000000000006</ele>
   </trkpt>
   <trkpt lat="-33.87529500108824" lon="25.25767000116943">
    <ele>347.58000000000004</ele>
   </trkpt>
   <trkpt lat="-33.87505" lon="25.258160000000004">
    <ele>345.55</ele>
   </trkpt>
   <trkpt lat="-33.87491" lon="25.25834">
    <ele>338.16</ele>
   </trkpt>
   <trkpt lat="-33.87471" lon="25.258480000000002">
    <ele>338.16</ele>
   </trkpt>
   <trkpt lat="-33.874000000595125" lon="25.258840002958394">
    <ele>331.16</ele>
   </trkpt>
   <trkpt lat="-33.873290000000004" lon="25.259200000000003">
    <ele>322.35</ele>
   </trkpt>
   <trkpt lat="-33.87339" lon="25.259590000000003">
    <ele>320.44</ele>
   </trkpt>
   <trkpt lat="-33.87351500184872" lon="25.260264999058716">
    <ele>317.96000000000004</ele>
   </trkpt>
   <trkpt lat="-33.87364" lon="25.26094">
    <ele>314.63</ele>
   </trkpt>
   <trkpt lat="-33.87373" lon="25.26131">
    <ele>313.25</ele>
   </trkpt>
   <trkpt lat="-33.874" lon="25.26208">
    <ele>308.20000000000005</ele>
   </trkpt>
   <trkpt lat="-33.87422" lon="25.26301">
    <ele>301.39000000000004</ele>
   </trkpt>
   <trkpt lat="-33.87433" lon="25.26328">
    <ele>299.65000000000003</ele>
   </trkpt>
   <trkpt lat="-33.87467" lon="25.26369">
    <ele>295.78999999999996</ele>
   </trkpt>
   <trkpt lat="-33.87482" lon="25.264020000000002">
    <ele>296.57</ele>
   </trkpt>
   <trkpt lat="-33.87496" lon="25.2647">
    <ele>298.44000000000005</ele>
   </trkpt>
   <trkpt lat="-33.87523" lon="25.265680000000003">
    <ele>303.25</ele>
   </trkpt>
   <trkpt lat="-33.87538" lon="25.26622">
    <ele>303.83000000000004</ele>
   </trkpt>
   <trkpt lat="-33.875510000000006" lon="25.266530000000003">
    <ele>304.27000000000004</ele>
   </trkpt>
   <trkpt lat="-33.87565" lon="25.26678">
    <ele>304.42</ele>
   </trkpt>
   <trkpt lat="-33.87599" lon="25.26704">
    <ele>305.32000000000005</ele>
   </trkpt>
   <trkpt lat="-33.87632" lon="25.267200000000003">
    <ele>305.71000000000004</ele>
   </trkpt>
   <trkpt lat="-33.87675" lon="25.267360000000004">
    <ele>306.12</ele>
   </trkpt>
   <trkpt lat="-33.87722000006575" lon="25.26749999922496">
    <ele>305.96</ele>
   </trkpt>
   <trkpt lat="-33.87769" lon="25.267640000000004">
    <ele>305.15000000000003</ele>
   </trkpt>
   <trkpt lat="-33.87773" lon="25.267680000000002">
    <ele>305.15000000000003</ele>
   </trkpt>
   <trkpt lat="-33.87778" lon="25.26779">
    <ele>305.04</ele>
   </trkpt>
   <trkpt lat="-33.87778" lon="25.2679">
    <ele>305.08</ele>
   </trkpt>
   <trkpt lat="-33.87776" lon="25.267970000000002">
    <ele>305.16</ele>
   </trkpt>
   <trkpt lat="-33.87738" lon="25.26828">
    <ele>306.34</ele>
   </trkpt>
   <trkpt lat="-33.87729" lon="25.268340000000002">
    <ele>306.23</ele>
   </trkpt>
   <trkpt lat="-33.87695" lon="25.268490000000003">
    <ele>304.58</ele>
   </trkpt>
   <trkpt lat="-33.8763" lon="25.26875">
    <ele>301.77000000000004</ele>
   </trkpt>
   <trkpt lat="-33.87617" lon="25.26882">
    <ele>301.77000000000004</ele>
   </trkpt>
   <trkpt lat="-33.87594" lon="25.26903">
    <ele>300.83000000000004</ele>
   </trkpt>
   <trkpt lat="-33.87574" lon="25.26931">
    <ele>300.56000000000006</ele>
   </trkpt>
   <trkpt lat="-33.87567" lon="25.26951">
    <ele>300.03000000000003</ele>
   </trkpt>
   <trkpt lat="-33.87563" lon="25.26985">
    <ele>299.23</ele>
   </trkpt>
   <trkpt lat="-33.87565" lon="25.27004">
    <ele>298.42</ele>
   </trkpt>
   <trkpt lat="-33.87579" lon="25.270380000000003">
    <ele>296.76</ele>
   </trkpt>
   <trkpt lat="-33.87617000188499" lon="25.27106499693193">
    <ele>292.97</ele>
   </trkpt>
   <trkpt lat="-33.87655" lon="25.27175">
    <ele>288.94</ele>
   </trkpt>
   <trkpt lat="-33.87708" lon="25.2726">
    <ele>282.05</ele>
   </trkpt>
   <trkpt lat="-33.87722" lon="25.272850000000002">
    <ele>281.09</ele>
   </trkpt>
   <trkpt lat="-33.87729" lon="25.273030000000002">
    <ele>281.07000000000005</ele>
   </trkpt>
   <trkpt lat="-33.87738" lon="25.273320000000002">
    <ele>281.6</ele>
   </trkpt>
   <trkpt lat="-33.87759000311653" lon="25.274194997948804">
    <ele>281.85</ele>
   </trkpt>
   <trkpt lat="-33.8778" lon="25.275070000000003">
    <ele>281.68000000000006</ele>
   </trkpt>
   <trkpt lat="-33.878100007774506" lon="25.27604999316554">
    <ele>282.83000000000004</ele>
   </trkpt>
   <trkpt lat="-33.87840000779172" lon="25.277029993221596">
    <ele>282.43</ele>
   </trkpt>
   <trkpt lat="-33.8787" lon="25.278010000000002">
    <ele>281.26</ele>
   </trkpt>
   <trkpt lat="-33.87894" lon="25.278650000000003">
    <ele>277.80000000000007</ele>
   </trkpt>
   <trkpt lat="-33.87896" lon="25.27897">
    <ele>277.51000000000005</ele>
   </trkpt>
   <trkpt lat="-33.87885" lon="25.279390000000003">
    <ele>278.56</ele>
   </trkpt>
   <trkpt lat="-33.87885" lon="25.279780000000002">
    <ele>280.05</ele>
   </trkpt>
   <trkpt lat="-33.87896" lon="25.280160000000002">
    <ele>280.96999999999997</ele>
   </trkpt>
   <trkpt lat="-33.879190001290105" lon="25.280724998479233">
    <ele>281.83000000000004</ele>
   </trkpt>
   <trkpt lat="-33.87942" lon="25.281290000000002">
    <ele>282.40000000000003</ele>
   </trkpt>
   <trkpt lat="-33.87973" lon="25.281730000000003">
    <ele>281.80000000000007</ele>
   </trkpt>
   <trkpt lat="-33.8802" lon="25.282300000000003">
    <ele>277.22</ele>
   </trkpt>
   <trkpt lat="-33.88033" lon="25.282560000000004">
    <ele>275.26</ele>
   </trkpt>
   <trkpt lat="-33.880390000000006" lon="25.282700000000002">
    <ele>274.59</ele>
   </trkpt>
   <trkpt lat="-33.8804" lon="25.28302">
    <ele>272.61</ele>
   </trkpt>
   <trkpt lat="-33.88035" lon="25.283450000000002">
    <ele>270.83</ele>
   </trkpt>
   <trkpt lat="-33.88038" lon="25.28393">
    <ele>269.74</ele>
   </trkpt>
   <trkpt lat="-33.88044" lon="25.28441">
    <ele>268.85</ele>
   </trkpt>
   <trkpt lat="-33.88058" lon="25.28487">
    <ele>268.48</ele>
   </trkpt>
   <trkpt lat="-33.88076" lon="25.285310000000003">
    <ele>268.40000000000003</ele>
   </trkpt>
   <trkpt lat="-33.88089" lon="25.285570000000003">
    <ele>268.49</ele>
   </trkpt>
   <trkpt lat="-33.88137000263045" lon="25.286369995575587">
    <ele>267.16</ele>
   </trkpt>
   <trkpt lat="-33.88185" lon="25.287170000000003">
    <ele>272.41</ele>
   </trkpt>
   <trkpt lat="-33.88201" lon="25.28759">
    <ele>272.79</ele>
   </trkpt>
   <trkpt lat="-33.88229334120598" lon="25.288576660144734">
    <ele>271.49</ele>
   </trkpt>
   <trkpt lat="-33.88257667454827" lon="25.28956332684248">
    <ele>268.55</ele>
   </trkpt>
   <trkpt lat="-33.88286" lon="25.290550000000003">
    <ele>265.46000000000004</ele>
   </trkpt>
   <trkpt lat="-33.88297" lon="25.290820000000004">
    <ele>264.97</ele>
   </trkpt>
   <trkpt lat="-33.88317" lon="25.291150000000002">
    <ele>264.13000000000005</ele>
   </trkpt>
   <trkpt lat="-33.88355500092821" lon="25.29164999763786">
    <ele>263.58000000000004</ele>
   </trkpt>
   <trkpt lat="-33.88394" lon="25.292150000000003">
    <ele>262.92</ele>
   </trkpt>
   <trkpt lat="-33.8842" lon="25.29248">
    <ele>262.58000000000004</ele>
   </trkpt>
   <trkpt lat="-33.88431" lon="25.29257">
    <ele>262.47</ele>
   </trkpt>
   <trkpt lat="-33.88503" lon="25.29295">
    <ele>262.25000000000006</ele>
   </trkpt>
   <trkpt lat="-33.885250000000006" lon="25.29316">
    <ele>261.90000000000003</ele>
   </trkpt>
   <trkpt lat="-33.88539" lon="25.293270000000003">
    <ele>261.41</ele>
   </trkpt>
   <trkpt lat="-33.885853335114426" lon="25.293739994891315">
    <ele>261.16</ele>
   </trkpt>
   <trkpt lat="-33.88631666844443" lon="25.29420999488787">
    <ele>261.03000000000003</ele>
   </trkpt>
   <trkpt lat="-33.88678" lon="25.294680000000003">
    <ele>261.26000000000005</ele>
   </trkpt>
   <trkpt lat="-33.887" lon="25.294980000000002">
    <ele>261.29</ele>
   </trkpt>
   <trkpt lat="-33.887190000000004" lon="25.295260000000003">
    <ele>261.43</ele>
   </trkpt>
   <trkpt lat="-33.88762000217144" lon="25.296009996044024">
    <ele>261.69000000000005</ele>
   </trkpt>
   <trkpt lat="-33.88805" lon="25.296760000000003">
    <ele>262.38</ele>
   </trkpt>
   <trkpt lat="-33.88850000260038" lon="25.296190006044732">
    <ele>262.77</ele>
   </trkpt>
   <trkpt lat="-33.888950002576095" lon="25.295620006075556">
    <ele>263.23</ele>
   </trkpt>
   <trkpt lat="-33.8894" lon="25.295050000000003">
    <ele>263.90000000000003</ele>
   </trkpt>
   <trkpt lat="-33.889790000000005" lon="25.294520000000002">
    <ele>264.47</ele>
   </trkpt>
   <trkpt lat="-33.8902" lon="25.293870000000002">
    <ele>264.27</ele>
   </trkpt>
   <trkpt lat="-33.89069500298474" lon="25.293015004906803">
    <ele>264.84000000000003</ele>
   </trkpt>
   <trkpt lat="-33.89119" lon="25.292160000000003">
    <ele>265.58000000000004</ele>
   </trkpt>
   <trkpt lat="-33.891560000000005" lon="25.29156">
    <ele>266.25000000000006</ele>
   </trkpt>
   <trkpt lat="-33.89191000118539" lon="25.291045001945548">
    <ele>266.31000000000006</ele>
   </trkpt>
   <trkpt lat="-33.89226" lon="25.29053">
    <ele>266.14000000000004</ele>
   </trkpt>
   <trkpt lat="-33.89282667173952" lon="25.28973667722534">
    <ele>266.08000000000004</ele>
   </trkpt>
   <trkpt lat="-33.89339333839442" lon="25.28894334390866">
    <ele>265.26</ele>
   </trkpt>
   <trkpt lat="-33.89396" lon="25.28815">
    <ele>264.20000000000005</ele>
   </trkpt>
   <trkpt lat="-33.894560000000006" lon="25.287370000000003">
    <ele>262.76000000000005</ele>
   </trkpt>
   <trkpt lat="-33.8951" lon="25.286710000000003">
    <ele>260.67</ele>
   </trkpt>
   <trkpt lat="-33.89567500225087" lon="25.285965005011843">
    <ele>260.36</ele>
   </trkpt>
   <trkpt lat="-33.89625" lon="25.285220000000002">
    <ele>263.03000000000003</ele>
   </trkpt>
   <trkpt lat="-33.89667500166237" lon="25.284585003114714">
    <ele>263.44</ele>
   </trkpt>
   <trkpt lat="-33.8971" lon="25.28395">
    <ele>263.53000000000003</ele>
   </trkpt>
   <trkpt lat="-33.89741000099806" lon="25.283470001640755">
    <ele>264.37</ele>
   </trkpt>
   <trkpt lat="-33.89772" lon="25.28299">
    <ele>265.08000000000004</ele>
   </trkpt>
   <trkpt lat="-33.89786" lon="25.282690000000002">
    <ele>264.87</ele>
   </trkpt>
   <trkpt lat="-33.89806" lon="25.28206">
    <ele>264.59000000000003</ele>
   </trkpt>
   <trkpt lat="-33.898205001507165" lon="25.28144000124979">
    <ele>263.88</ele>
   </trkpt>
   <trkpt lat="-33.89835" lon="25.280820000000002">
    <ele>264.40000000000003</ele>
   </trkpt>
   <trkpt lat="-33.89844" lon="25.280530000000002">
    <ele>265.23</ele>
   </trkpt>
   <trkpt lat="-33.89871" lon="25.27982">
    <ele>267.17</ele>
   </trkpt>
   <trkpt lat="-33.89909" lon="25.27889">
    <ele>270.22</ele>
   </trkpt>
   <trkpt lat="-33.89927" lon="25.27858">
    <ele>270.57000000000005</ele>
   </trkpt>
   <trkpt lat="-33.89964000118032" lon="25.278015002618634">
    <ele>270.16</ele>
   </trkpt>
   <trkpt lat="-33.90001" lon="25.27745">
    <ele>269.08000000000004</ele>
   </trkpt>
   <trkpt lat="-33.90025" lon="25.27701">
    <ele>268.20000000000005</ele>
   </trkpt>
   <trkpt lat="-33.9003" lon="25.276870000000002">
    <ele>268.20000000000005</ele>
   </trkpt>
   <trkpt lat="-33.90066" lon="25.27671">
    <ele>264.31000000000006</ele>
   </trkpt>
   <trkpt lat="-33.90151" lon="25.276410000000002">
    <ele>259.18</ele>
   </trkpt>
   <trkpt lat="-33.9018" lon="25.27633">
    <ele>258.31000000000006</ele>
   </trkpt>
   <trkpt lat="-33.90198" lon="25.27729">
    <ele>257.11</ele>
   </trkpt>
   <trkpt lat="-33.90214500184418" lon="25.27795499894513">
    <ele>256.04</ele>
   </trkpt>
   <trkpt lat="-33.90231" lon="25.278620000000004">
    <ele>253.70000000000005</ele>
   </trkpt>
   <trkpt lat="-33.90258144870881" lon="25.279531411164623">
    <ele>251.62</ele>
   </trkpt>
   <trkpt lat="-33.90285289070572" lon="25.280442828132866">
    <ele>247.86</ele>
   </trkpt>
   <trkpt lat="-33.90312432599063" lon="25.281354250904684">
    <ele>244.53000000000003</ele>
   </trkpt>
   <trkpt lat="-33.90339575456342" lon="25.282265679480027">
    <ele>242.34000000000003</ele>
   </trkpt>
   <trkpt lat="-33.90366717642397" lon="25.283177113858848">
    <ele>241.76000000000002</ele>
   </trkpt>
   <trkpt lat="-33.9039385915722" lon="25.2840885540411">
    <ele>241.38</ele>
   </trkpt>
   <trkpt lat="-33.904210000000006" lon="25.285000000000004">
    <ele>242.81000000000003</ele>
   </trkpt>
   <trkpt lat="-33.90440667048461" lon="25.285686663526484">
    <ele>244.41000000000003</ele>
   </trkpt>
   <trkpt lat="-33.90460333715931" lon="25.286373330221142">
    <ele>245.53000000000003</ele>
   </trkpt>
   <trkpt lat="-33.9048" lon="25.28706">
    <ele>246.87000000000003</ele>
   </trkpt>
   <trkpt lat="-33.90509716751737" lon="25.288068550341734">
    <ele>248.18</ele>
   </trkpt>
   <trkpt lat="-33.90539432681555" lon="25.28907710771478">
    <ele>248.60000000000002</ele>
   </trkpt>
   <trkpt lat="-33.90569147789445" lon="25.290085672119066">
    <ele>247.79</ele>
   </trkpt>
   <trkpt lat="-33.90598862075389" lon="25.29109424355454">
    <ele>246.97000000000003</ele>
   </trkpt>
   <trkpt lat="-33.90628575539372" lon="25.29210282202113">
    <ele>246.56000000000003</ele>
   </trkpt>
   <trkpt lat="-33.90658288181379" lon="25.293111407518765">
    <ele>246.83</ele>
   </trkpt>
   <trkpt lat="-33.90688" lon="25.294120000000003">
    <ele>245.35</ele>
   </trkpt>
   <trkpt lat="-33.90706500405125" lon="25.295119997888982">
    <ele>242.04000000000002</ele>
   </trkpt>
   <trkpt lat="-33.907250000000005" lon="25.296120000000002">
    <ele>240.48000000000002</ele>
   </trkpt>
   <trkpt lat="-33.90742500890834" lon="25.2969774946979">
    <ele>239.14000000000001</ele>
   </trkpt>
   <trkpt lat="-33.907600011875026" lon="25.297834992916787">
    <ele>238.21000000000004</ele>
   </trkpt>
   <trkpt lat="-33.90777500889996" lon="25.298692494656585">
    <ele>237.70000000000002</ele>
   </trkpt>
   <trkpt lat="-33.90795" lon="25.299550000000004">
    <ele>237.33</ele>
   </trkpt>
   <trkpt lat="-33.90815573971745" lon="25.30057427087172">
    <ele>236.89000000000001</ele>
   </trkpt>
   <trkpt lat="-33.908361470957175" lon="25.30159854668788">
    <ele>236.38</ele>
   </trkpt>
   <trkpt lat="-33.90856719371905" lon="25.302622827448342">
    <ele>235.69</ele>
   </trkpt>
   <trkpt lat="-33.90877290800298" lon="25.303647113152955">
    <ele>235.58</ele>
   </trkpt>
   <trkpt lat="-33.90897861380886" lon="25.304671403801592">
    <ele>237.72</ele>
   </trkpt>
   <trkpt lat="-33.90918431113657" lon="25.305695699394093">
    <ele>239.83</ele>
   </trkpt>
   <trkpt lat="-33.90939" lon="25.306720000000002">
    <ele>241.34000000000003</ele>
   </trkpt>
   <trkpt lat="-33.909510000000004" lon="25.3077">
    <ele>242.54000000000002</ele>
   </trkpt>
   <trkpt lat="-33.90957" lon="25.30815">
    <ele>243.38</ele>
   </trkpt>
   <trkpt lat="-33.90959500330859" lon="25.309054999712284">
    <ele>244.05</ele>
   </trkpt>
   <trkpt lat="-33.909620000000004" lon="25.309960000000004">
    <ele>244.92000000000002</ele>
   </trkpt>
   <trkpt lat="-33.9103550000944" lon="25.310139998438817">
    <ele>241.92000000000002</ele>
   </trkpt>
   <trkpt lat="-33.91109" lon="25.31032">
    <ele>240.3</ele>
   </trkpt>
   <trkpt lat="-33.91178333353113" lon="25.310486663948534">
    <ele>239.19</ele>
   </trkpt>
   <trkpt lat="-33.9124766668378" lon="25.310653330608755">
    <ele>238.59000000000003</ele>
   </trkpt>
   <trkpt lat="-33.91317" lon="25.310820000000003">
    <ele>237.78</ele>
   </trkpt>
   <trkpt lat="-33.91319" lon="25.311090000000004">
    <ele>237.86</ele>
   </trkpt>
   <trkpt lat="-33.91338334130104" lon="25.31208332879462">
    <ele>238.19</ele>
   </trkpt>
   <trkpt lat="-33.913576674628224" lon="25.31307666209624">
    <ele>237.67000000000002</ele>
   </trkpt>
   <trkpt lat="-33.91377" lon="25.31407">
    <ele>236.89000000000001</ele>
   </trkpt>
   <trkpt lat="-33.913946012456535" lon="25.31494799273169">
    <ele>236.10000000000002</ele>
   </trkpt>
   <trkpt lat="-33.91412201868336" lon="25.3158259890901">
    <ele>235.54000000000002</ele>
   </trkpt>
   <trkpt lat="-33.91429801868041" lon="25.316703989075144">
    <ele>235.07000000000002</ele>
   </trkpt>
   <trkpt lat="-33.91447401244761" lon="25.317581992686733">
    <ele>234.52</ele>
   </trkpt>
   <trkpt lat="-33.91465" lon="25.31846">
    <ele>234.59</ele>
   </trkpt>
   <trkpt lat="-33.91484601434072" lon="25.319401991325545">
    <ele>234.72</ele>
   </trkpt>
   <trkpt lat="-33.91504202151035" lon="25.320343986984497">
    <ele>234.95000000000002</ele>
   </trkpt>
   <trkpt lat="-33.9152380215088" lon="25.321285986976747">
    <ele>235.8</ele>
   </trkpt>
   <trkpt lat="-33.915434014335986" lon="25.322227991302192">
    <ele>236.65000000000003</ele>
   </trkpt>
   <trkpt lat="-33.91563" lon="25.32317">
    <ele>237.34000000000003</ele>
   </trkpt>
   <trkpt lat="-33.91575667259516" lon="25.32402666410375">
    <ele>237.42000000000002</ele>
   </trkpt>
   <trkpt lat="-33.91588333925946" lon="25.324883330754332">
    <ele>236.75</ele>
   </trkpt>
   <trkpt lat="-33.91601" lon="25.325740000000003">
    <ele>236.22</ele>
   </trkpt>
   <trkpt lat="-33.916122509379115" lon="25.326619996448276">
    <ele>235.63</ele>
   </trkpt>
   <trkpt lat="-33.916235012499854" lon="25.327499995220254">
    <ele>235.14000000000001</ele>
   </trkpt>
   <trkpt lat="-33.916347509362204" lon="25.328379996315824">
    <ele>234.90000000000003</ele>
   </trkpt>
   <trkpt lat="-33.91646" lon="25.32926">
    <ele>234.64000000000001</ele>
   </trkpt>
   <trkpt lat="-33.91659336416807" lon="25.33023665443407">
    <ele>234.52</ele>
   </trkpt>
   <trkpt lat="-33.91672672062741" lon="25.33121331192516">
    <ele>233.84</ele>
   </trkpt>
   <trkpt lat="-33.91686006937793" lon="25.332189972473117">
    <ele>233.29000000000002</ele>
   </trkpt>
   <trkpt lat="-33.9169934104196" lon="25.333166636077795">
    <ele>232.39000000000001</ele>
   </trkpt>
   <trkpt lat="-33.917126743752334" lon="25.33414330273904">
    <ele>231.95000000000002</ele>
   </trkpt>
   <trkpt lat="-33.91726006937608" lon="25.335119972456695">
    <ele>231.17000000000002</ele>
   </trkpt>
   <trkpt lat="-33.91739338729076" lon="25.336096645230615">
    <ele>230.63000000000002</ele>
   </trkpt>
   <trkpt lat="-33.917526697496335" lon="25.337073321060647">
    <ele>229.84</ele>
   </trkpt>
   <trkpt lat="-33.917660000000005" lon="25.338050000000003">
    <ele>229.28</ele>
   </trkpt>
   <trkpt lat="-33.91779203542827" lon="25.33903698623571">
    <ele>228.95000000000002</ele>
   </trkpt>
   <trkpt lat="-33.917924062983694" lon="25.340023975530126">
    <ele>228.92000000000002</ele>
   </trkpt>
   <trkpt lat="-33.918056082666226" lon="25.341010967883108">
    <ele>228.56</ele>
   </trkpt>
   <trkpt lat="-33.91818809447578" lon="25.341997963294485">
    <ele>228.91000000000003</ele>
   </trkpt>
   <trkpt lat="-33.91832009841231" lon="25.342984961764117">
    <ele>229.71</ele>
   </trkpt>
   <trkpt lat="-33.91845209447577" lon="25.34397196329182">
    <ele>230.85000000000002</ele>
   </trkpt>
   <trkpt lat="-33.91858408266605" lon="25.34495896787746">
    <ele>231.70000000000002</ele>
   </trkpt>
   <trkpt lat="-33.91871606298314" lon="25.345945975520866">
    <ele>232.41</ele>
   </trkpt>
   <trkpt lat="-33.91884803542694" lon="25.346932986221887">
    <ele>233.43000000000004</ele>
   </trkpt>
   <trkpt lat="-33.918980000000005" lon="25.347920000000002">
    <ele>234.48000000000002</ele>
   </trkpt>
   <trkpt lat="-33.91912751355697" lon="25.34897749450666">
    <ele>234.95000000000002</ele>
   </trkpt>
   <trkpt lat="-33.91927501807591" lon="25.350034992674896">
    <ele>234.92000000000002</ele>
   </trkpt>
   <trkpt lat="-33.919422513556725" lon="25.35109249450453">
    <ele>234.59</ele>
   </trkpt>
   <trkpt lat="-33.91957" lon="25.35215">
    <ele>234.61</ele>
   </trkpt>
   <trkpt lat="-33.92025000176567" lon="25.351510005004013">
    <ele>233.34</ele>
   </trkpt>
   <trkpt lat="-33.920930000000006" lon="25.35087">
    <ele>232.48000000000002</ele>
   </trkpt>
   <trkpt lat="-33.92150000229653" lon="25.350340007067523">
    <ele>231.39000000000001</ele>
   </trkpt>
   <trkpt lat="-33.9220700023228" lon="25.349810007043196">
    <ele>230.38000000000002</ele>
   </trkpt>
   <trkpt lat="-33.92264" lon="25.349280000000004">
    <ele>229.13000000000002</ele>
   </trkpt>
   <trkpt lat="-33.922650000000004" lon="25.349280000000004">
    <ele>229.13000000000002</ele>
   </trkpt>
   <trkpt lat="-33.922076668912055" lon="25.349810007156513">
    <ele>230.38000000000002</ele>
   </trkpt>
   <trkpt lat="-33.921503335553766" lon="25.350340007179483">
    <ele>231.39000000000001</ele>
   </trkpt>
   <trkpt lat="-33.920930000000006" lon="25.35087">
    <ele>232.48000000000002</ele>
   </trkpt>
   <trkpt lat="-33.921394007128235" lon="25.351533985536605">
    <ele>230.64000000000001</ele>
   </trkpt>
   <trkpt lat="-33.921858010693164" lon="25.352197978305778">
    <ele>229.32000000000002</ele>
   </trkpt>
   <trkpt lat="-33.922322010694685" lon="25.35286197830768">
    <ele>228.85000000000002</ele>
   </trkpt>
   <trkpt lat="-33.922786007132714" lon="25.353525985542447">
    <ele>228.53</ele>
   </trkpt>
   <trkpt lat="-33.92325" lon="25.354190000000003">
    <ele>228.66000000000003</ele>
   </trkpt>
   <trkpt lat="-33.9236900015207" lon="25.354804996812632">
    <ele>228.87</ele>
   </trkpt>
   <trkpt lat="-33.924130000000005" lon="25.355420000000002">
    <ele>229.58</ele>
   </trkpt>
   <trkpt lat="-33.92459" lon="25.3561">
    <ele>230.36</ele>
   </trkpt>
   <trkpt lat="-33.92493333618056" lon="25.356696661804385">
    <ele>231.15</ele>
   </trkpt>
   <trkpt lat="-33.92527666948366" lon="25.35729332841844">
    <ele>232.4</ele>
   </trkpt>
   <trkpt lat="-33.92562" lon="25.35789">
    <ele>233.51000000000002</ele>
   </trkpt>
   <trkpt lat="-33.925985001963184" lon="25.358569997262205">
    <ele>234.41</ele>
   </trkpt>
   <trkpt lat="-33.92635" lon="25.359250000000003">
    <ele>235.04000000000002</ele>
   </trkpt>
   <trkpt lat="-33.92662000069763" lon="25.359694998420238">
    <ele>234.11</ele>
   </trkpt>
   <trkpt lat="-33.92689" lon="25.36014">
    <ele>232.02000000000004</ele>
   </trkpt>
   <trkpt lat="-33.927220000000005" lon="25.3606">
    <ele>229.94</ele>
   </trkpt>
   <trkpt lat="-33.92777000203226" lon="25.361309995408845">
    <ele>227.06</ele>
   </trkpt>
   <trkpt lat="-33.92832" lon="25.36202">
    <ele>225.61</ele>
   </trkpt>
   <trkpt lat="-33.92891286864424" lon="25.362708542674973">
    <ele>225.52</ele>
   </trkpt>
   <trkpt lat="-33.929505733456296" lon="25.363397094935625">
    <ele>225.71</ele>
   </trkpt>
   <trkpt lat="-33.93009859443607" lon="25.364085656782237">
    <ele>225.89000000000001</ele>
   </trkpt>
   <trkpt lat="-33.9306914515834" lon="25.3647742282151">
    <ele>226.02</ele>
   </trkpt>
   <trkpt lat="-33.93128430489814" lon="25.365462809234504">
    <ele>226.69000000000003</ele>
   </trkpt>
   <trkpt lat="-33.93187715438016" lon="25.366151399840728">
    <ele>226.96</ele>
   </trkpt>
   <trkpt lat="-33.93247" lon="25.366840000000003">
    <ele>228.23000000000002</ele>
   </trkpt>
   <trkpt lat="-33.93310250637528" lon="25.36756498384762">
    <ele>228.44000000000003</ele>
   </trkpt>
   <trkpt lat="-33.93373500850176" lon="25.368289978464727">
    <ele>227.29000000000002</ele>
   </trkpt>
   <trkpt lat="-33.93436750637928" lon="25.369014983851674">
    <ele>225.3</ele>
   </trkpt>
   <trkpt lat="-33.935" lon="25.369740000000004">
    <ele>223.72000000000003</ele>
   </trkpt>
   <trkpt lat="-33.93556" lon="25.370530000000002">
    <ele>222.56</ele>
   </trkpt>
   <trkpt lat="-33.93589" lon="25.371150000000004">
    <ele>222.05</ele>
   </trkpt>
   <trkpt lat="-33.93616" lon="25.371760000000002">
    <ele>222.01000000000002</ele>
   </trkpt>
   <trkpt lat="-33.93633000135222" lon="25.37233499890559">
    <ele>222.18</ele>
   </trkpt>
   <trkpt lat="-33.9365" lon="25.37291">
    <ele>222.55</ele>
   </trkpt>
   <trkpt lat="-33.936600000000006" lon="25.373720000000002">
    <ele>223.53</ele>
   </trkpt>
   <trkpt lat="-33.93669002370052" lon="25.374708565156723">
    <ele>223.45000000000002</ele>
   </trkpt>
   <trkpt lat="-33.93678003950088" lon="25.37569713240372">
    <ele>222.98000000000002</ele>
   </trkpt>
   <trkpt lat="-33.936870047401044" lon="25.376685701740815">
    <ele>222.15</ele>
   </trkpt>
   <trkpt lat="-33.93696004740095" lon="25.37767427316784">
    <ele>222.04000000000002</ele>
   </trkpt>
   <trkpt lat="-33.93705003950058" lon="25.37866284668462">
    <ele>222.38000000000002</ele>
   </trkpt>
   <trkpt lat="-33.93714002369988" lon="25.37965142229098">
    <ele>222.86</ele>
   </trkpt>
   <trkpt lat="-33.93723" lon="25.380640000000003">
    <ele>223.28</ele>
   </trkpt>
   <trkpt lat="-33.9373" lon="25.38096">
    <ele>223.57000000000002</ele>
   </trkpt>
   <trkpt lat="-33.93741" lon="25.38125">
    <ele>223.83</ele>
   </trkpt>
   <trkpt lat="-33.93764" lon="25.38163">
    <ele>224.87</ele>
   </trkpt>
   <trkpt lat="-33.93773" lon="25.381750000000004">
    <ele>224.87</ele>
   </trkpt>
   <trkpt lat="-33.93791" lon="25.38191">
    <ele>225.72000000000003</ele>
   </trkpt>
   <trkpt lat="-33.938250000000004" lon="25.382150000000003">
    <ele>226.38000000000002</ele>
   </trkpt>
   <trkpt lat="-33.93853" lon="25.382320000000004">
    <ele>226.61</ele>
   </trkpt>
   <trkpt lat="-33.93875500156165" lon="25.381710001455936">
    <ele>225.18</ele>
   </trkpt>
   <trkpt lat="-33.93898" lon="25.381100000000004">
    <ele>224.43</ele>
   </trkpt>
   <trkpt lat="-33.93898" lon="25.38109">
    <ele>224.41000000000003</ele>
   </trkpt>
   <trkpt lat="-33.93932670714787" lon="25.38013587607121">
    <ele>222.98000000000002</ele>
   </trkpt>
   <trkpt lat="-33.93967340693616" lon="25.379181744371596">
    <ele>221.89000000000001</ele>
   </trkpt>
   <trkpt lat="-33.940020099364695" lon="25.378227604901156">
    <ele>221.36</ele>
   </trkpt>
   <trkpt lat="-33.94036678443333" lon="25.377273457659893">
    <ele>220.77</ele>
   </trkpt>
   <trkpt lat="-33.94071346214191" lon="25.376319302647804">
    <ele>220.44000000000003</ele>
   </trkpt>
   <trkpt lat="-33.941060132490264" lon="25.375365139864893">
    <ele>219.84</ele>
   </trkpt>
   <trkpt lat="-33.94140679547826" lon="25.374410969311157">
    <ele>218.96</ele>
   </trkpt>
   <trkpt lat="-33.941753451105726" lon="25.373456790986598">
    <ele>217.69000000000003</ele>
   </trkpt>
   <trkpt lat="-33.94210009937251" lon="25.372502604891217">
    <ele>216.45000000000002</ele>
   </trkpt>
   <trkpt lat="-33.942446740278456" lon="25.371548411025014">
    <ele>214.62</ele>
   </trkpt>
   <trkpt lat="-33.94279337382342" lon="25.370594209387985">
    <ele>213.47000000000003</ele>
   </trkpt>
   <trkpt lat="-33.94314" lon="25.36964">
    <ele>212.01</ele>
   </trkpt>
   <trkpt lat="-33.943250000000006" lon="25.36933">
    <ele>211.86</ele>
   </trkpt>
   <trkpt lat="-33.94383143944389" lon="25.36999997252365">
    <ele>212.20000000000002</ele>
   </trkpt>
   <trkpt lat="-33.94441287525875" lon="25.37066995419979">
    <ele>213.79</ele>
   </trkpt>
   <trkpt lat="-33.94499430744449" lon="25.371339945028684">
    <ele>214.8</ele>
   </trkpt>
   <trkpt lat="-33.94557573600094" lon="25.372009945010603">
    <ele>216.02</ele>
   </trkpt>
   <trkpt lat="-33.94615716092801" lon="25.372679954145816">
    <ele>216.95</ele>
   </trkpt>
   <trkpt lat="-33.94673858222556" lon="25.373349972434593">
    <ele>217.84</ele>
   </trkpt>
   <trkpt lat="-33.947320000000005" lon="25.37402">
    <ele>217.50000000000003</ele>
   </trkpt>
   <trkpt lat="-33.9479150017951" lon="25.374674995487815">
    <ele>215.44000000000003</ele>
   </trkpt>
   <trkpt lat="-33.948510000000006" lon="25.37533">
    <ele>212.41000000000003</ele>
   </trkpt>
   <trkpt lat="-33.94907500117073" lon="25.375874996352945">
    <ele>209.11</ele>
   </trkpt>
   <trkpt lat="-33.94964" lon="25.376420000000003">
    <ele>205.85</ele>
   </trkpt>
   <trkpt lat="-33.95005000058255" lon="25.37678499828071">
    <ele>204.07000000000002</ele>
   </trkpt>
   <trkpt lat="-33.95046" lon="25.37715">
    <ele>203.07000000000002</ele>
   </trkpt>
   <trkpt lat="-33.95102000284974" lon="25.3776349904227">
    <ele>200.87</ele>
   </trkpt>
   <trkpt lat="-33.951580003797595" lon="25.37811998722831">
    <ele>200.72</ele>
   </trkpt>
   <trkpt lat="-33.95214000284351" lon="25.37860499041704">
    <ele>201.73000000000002</ele>
   </trkpt>
   <trkpt lat="-33.9527" lon="25.37909">
    <ele>203.42000000000002</ele>
   </trkpt>
   <trkpt lat="-33.953095000403636" lon="25.379389998637645">
    <ele>204.54000000000002</ele>
   </trkpt>
   <trkpt lat="-33.95349" lon="25.379690000000004">
    <ele>205.21</ele>
   </trkpt>
   <trkpt lat="-33.95419111867398" lon="25.38017330147726">
    <ele>206.01000000000002</ele>
   </trkpt>
   <trkpt lat="-33.9548922354592" lon="25.38065661091901">
    <ele>207.85</ele>
   </trkpt>
   <trkpt lat="-33.955593350355585" lon="25.381139928325577">
    <ele>210.79</ele>
   </trkpt>
   <trkpt lat="-33.956294463363065" lon="25.381623253697274">
    <ele>215.07</ele>
   </trkpt>
   <trkpt lat="-33.956995574481525" lon="25.382106587034436">
    <ele>217.25000000000003</ele>
   </trkpt>
   <trkpt lat="-33.95769668371092" lon="25.382589928337367">
    <ele>217.81000000000003</ele>
   </trkpt>
   <trkpt lat="-33.95839779105117" lon="25.38307327760639">
    <ele>219.28000000000003</ele>
   </trkpt>
   <trkpt lat="-33.959098896502155" lon="25.38355663484183">
    <ele>221.46</ele>
   </trkpt>
   <trkpt lat="-33.9598" lon="25.384040000000002">
    <ele>224.85000000000002</ele>
   </trkpt>
   <trkpt lat="-33.96022500047556" lon="25.384329998643693">
    <ele>226.8</ele>
   </trkpt>
   <trkpt lat="-33.96065" lon="25.38462">
    <ele>228.59</ele>
   </trkpt>
   <trkpt lat="-33.96105" lon="25.385">
    <ele>230.33</ele>
   </trkpt>
   <trkpt lat="-33.96123" lon="25.385230000000004">
    <ele>230.33</ele>
   </trkpt>
   <trkpt lat="-33.96148" lon="25.385600000000004">
    <ele>231.06</ele>
   </trkpt>
   <trkpt lat="-33.9619180117523" lon="25.386451982475098">
    <ele>233.23000000000002</ele>
   </trkpt>
   <trkpt lat="-33.96235601763449" lon="25.387303973723988">
    <ele>236.08</ele>
   </trkpt>
   <trkpt lat="-33.96279401764644" lon="25.388155973746798">
    <ele>238.39000000000001</ele>
   </trkpt>
   <trkpt lat="-33.963232011787966" lon="25.389007982543642">
    <ele>239.21</ele>
   </trkpt>
   <trkpt lat="-33.96367" lon="25.389860000000002">
    <ele>240.66</ele>
   </trkpt>
   <trkpt lat="-33.96406667142928" lon="25.390626659533876">
    <ele>241.74</ele>
   </trkpt>
   <trkpt lat="-33.9644633381052" lon="25.39139332621831">
    <ele>243.23000000000002</ele>
   </trkpt>
   <trkpt lat="-33.96486" lon="25.39216">
    <ele>243.83</ele>
   </trkpt>
   <trkpt lat="-33.96459" lon="25.39242">
    <ele>242.53000000000003</ele>
   </trkpt>
   <trkpt lat="-33.96515" lon="25.39188">
    <ele>244.20000000000002</ele>
   </trkpt>
   <trkpt lat="-33.96566" lon="25.391420000000004">
    <ele>246.13000000000002</ele>
   </trkpt>
   <trkpt lat="-33.96598" lon="25.39122">
    <ele>246.49</ele>
   </trkpt>
   <trkpt lat="-33.96668000122559" lon="25.39090250783828">
    <ele>248.51</ele>
   </trkpt>
   <trkpt lat="-33.96738000163593" lon="25.39058501045037">
    <ele>249.39000000000001</ele>
   </trkpt>
   <trkpt lat="-33.968080001231" lon="25.390267507836057">
    <ele>250.45</ele>
   </trkpt>
   <trkpt lat="-33.96878" lon="25.389950000000002">
    <ele>252.35000000000002</ele>
   </trkpt>
   <trkpt lat="-33.96927" lon="25.38972">
    <ele>252.22</ele>
   </trkpt>
   <trkpt lat="-33.96952" lon="25.389550000000003">
    <ele>252.17</ele>
   </trkpt>
   <trkpt lat="-33.96969" lon="25.389400000000002">
    <ele>251.98000000000002</ele>
   </trkpt>
   <trkpt lat="-33.96987" lon="25.389170000000004">
    <ele>251.57000000000002</ele>
   </trkpt>
   <trkpt lat="-33.96994" lon="25.389000000000003">
    <ele>251.14000000000001</ele>
   </trkpt>
   <trkpt lat="-33.970040000000004" lon="25.388740000000002">
    <ele>250.5</ele>
   </trkpt>
   <trkpt lat="-33.97030500325523" lon="25.387845002735098">
    <ele>247.71</ele>
   </trkpt>
   <trkpt lat="-33.97057" lon="25.386950000000002">
    <ele>242.59000000000003</ele>
   </trkpt>
   <trkpt lat="-33.9707" lon="25.38662">
    <ele>241.96</ele>
   </trkpt>
   <trkpt lat="-33.97099" lon="25.386070000000004">
    <ele>240.25</ele>
   </trkpt>
   <trkpt lat="-33.97144" lon="25.38538">
    <ele>238.33</ele>
   </trkpt>
   <trkpt lat="-33.97181000097827" lon="25.38486500237209">
    <ele>237.29000000000002</ele>
   </trkpt>
   <trkpt lat="-33.97218" lon="25.38435">
    <ele>236.10000000000002</ele>
   </trkpt>
   <trkpt lat="-33.972260000000006" lon="25.38369">
    <ele>233.74000000000004</ele>
   </trkpt>
   <trkpt lat="-33.972260000000006" lon="25.38378">
    <ele>233.95000000000002</ele>
   </trkpt>
   <trkpt lat="-33.97231000211456" lon="25.383055000586904">
    <ele>232.43</ele>
   </trkpt>
   <trkpt lat="-33.97236" lon="25.382330000000003">
    <ele>232.01000000000002</ele>
   </trkpt>
   <trkpt lat="-33.973220000000005" lon="25.382410000000004">
    <ele>231.10000000000002</ele>
   </trkpt>
   <trkpt lat="-33.97321" lon="25.382410000000004">
    <ele>231.10000000000002</ele>
   </trkpt>
   <trkpt lat="-33.97366999999044" lon="25.38245499975482">
    <ele>230.73000000000002</ele>
   </trkpt>
   <trkpt lat="-33.97413" lon="25.382500000000004">
    <ele>229.9</ele>
   </trkpt>
   <trkpt lat="-33.974050000000005" lon="25.38334">
    <ele>228.0</ele>
   </trkpt>
   <trkpt lat="-33.973910000000004" lon="25.38334">
    <ele>228.62</ele>
   </trkpt>
   <trkpt lat="-33.97437500018614" lon="25.383369999847712">
    <ele>226.0</ele>
   </trkpt>
   <trkpt lat="-33.97484" lon="25.3834">
    <ele>224.66000000000003</ele>
   </trkpt>
   <trkpt lat="-33.9752" lon="25.383390000000002">
    <ele>223.85000000000002</ele>
   </trkpt>
   <trkpt lat="-33.97551" lon="25.38333">
    <ele>223.45000000000002</ele>
   </trkpt>
   <trkpt lat="-33.97592" lon="25.383200000000002">
    <ele>223.62</ele>
   </trkpt>
   <trkpt lat="-33.97625" lon="25.383010000000002">
    <ele>224.27</ele>
   </trkpt>
   <trkpt lat="-33.97648" lon="25.38284">
    <ele>225.14000000000001</ele>
   </trkpt>
   <trkpt lat="-33.97692" lon="25.38238">
    <ele>228.24</ele>
   </trkpt>
   <trkpt lat="-33.97706" lon="25.38219">
    <ele>229.14000000000001</ele>
   </trkpt>
   <trkpt lat="-33.97739" lon="25.38154">
    <ele>233.25</ele>
   </trkpt>
   <trkpt lat="-33.97755" lon="25.381020000000003">
    <ele>236.02</ele>
   </trkpt>
   <trkpt lat="-33.977660002260194" lon="25.38028000065126">
    <ele>238.6</ele>
   </trkpt>
   <trkpt lat="-33.97777" lon="25.379540000000002">
    <ele>240.08</ele>
   </trkpt>
   <trkpt lat="-33.97789" lon="25.37909">
    <ele>240.54000000000002</ele>
   </trkpt>
   <trkpt lat="-33.978100000000005" lon="25.378510000000002">
    <ele>240.63</ele>
   </trkpt>
   <trkpt lat="-33.97833" lon="25.378020000000003">
    <ele>240.04000000000002</ele>
   </trkpt>
   <trkpt lat="-33.97874" lon="25.377380000000002">
    <ele>238.76000000000002</ele>
   </trkpt>
   <trkpt lat="-33.97916" lon="25.376920000000002">
    <ele>236.43000000000004</ele>
   </trkpt>
   <trkpt lat="-33.97945" lon="25.37667">
    <ele>233.66</ele>
   </trkpt>
   <trkpt lat="-33.9801600010929" lon="25.376130004575938">
    <ele>228.70000000000002</ele>
   </trkpt>
   <trkpt lat="-33.98087" lon="25.375590000000003">
    <ele>222.21</ele>
   </trkpt>
   <trkpt lat="-33.98127" lon="25.375230000000002">
    <ele>218.18</ele>
   </trkpt>
   <trkpt lat="-33.98171" lon="25.374720000000003">
    <ele>214.74</ele>
   </trkpt>
   <trkpt lat="-33.98194" lon="25.374370000000003">
    <ele>213.47000000000003</ele>
   </trkpt>
   <trkpt lat="-33.98232" lon="25.37366">
    <ele>211.13</ele>
   </trkpt>
   <trkpt lat="-33.98263" lon="25.372860000000003">
    <ele>209.29</ele>
   </trkpt>
   <trkpt lat="-33.98283" lon="25.371920000000003">
    <ele>207.70000000000002</ele>
   </trkpt>
   <trkpt lat="-33.98301" lon="25.370900000000002">
    <ele>204.81</ele>
   </trkpt>
   <trkpt lat="-33.98315" lon="25.370410000000003">
    <ele>203.83</ele>
   </trkpt>
   <trkpt lat="-33.98326" lon="25.370030000000003">
    <ele>202.44</ele>
   </trkpt>
   <trkpt lat="-33.98344" lon="25.36971">
    <ele>201.17000000000002</ele>
   </trkpt>
   <trkpt lat="-33.98373" lon="25.36926">
    <ele>199.87</ele>
   </trkpt>
   <trkpt lat="-33.98391" lon="25.369040000000002">
    <ele>199.13000000000002</ele>
   </trkpt>
   <trkpt lat="-33.98411" lon="25.368850000000002">
    <ele>197.53</ele>
   </trkpt>
   <trkpt lat="-33.98438" lon="25.368660000000002">
    <ele>196.59</ele>
   </trkpt>
   <trkpt lat="-33.98467" lon="25.36849">
    <ele>195.60000000000002</ele>
   </trkpt>
   <trkpt lat="-33.98498" lon="25.368370000000002">
    <ele>194.17000000000002</ele>
   </trkpt>
   <trkpt lat="-33.98525" lon="25.368290000000002">
    <ele>193.19000000000003</ele>
   </trkpt>
   <trkpt lat="-33.98561" lon="25.368240000000004">
    <ele>192.16000000000003</ele>
   </trkpt>
   <trkpt lat="-33.98594" lon="25.368240000000004">
    <ele>190.46</ele>
   </trkpt>
   <trkpt lat="-33.98621" lon="25.368280000000002">
    <ele>189.84</ele>
   </trkpt>
   <trkpt lat="-33.98659" lon="25.3684">
    <ele>188.76000000000002</ele>
   </trkpt>
   <trkpt lat="-33.98684" lon="25.368520000000004">
    <ele>186.59</ele>
   </trkpt>
   <trkpt lat="-33.98744500096277" lon="25.36899499665787">
    <ele>184.61</ele>
   </trkpt>
   <trkpt lat="-33.98805" lon="25.369470000000003">
    <ele>182.44000000000003</ele>
   </trkpt>
   <trkpt lat="-33.98838" lon="25.369660000000003">
    <ele>180.70000000000002</ele>
   </trkpt>
   <trkpt lat="-33.98879" lon="25.36982">
    <ele>177.34000000000003</ele>
   </trkpt>
   <trkpt lat="-33.98937" lon="25.369970000000002">
    <ele>173.87000000000003</ele>
   </trkpt>
   <trkpt lat="-33.98982" lon="25.370030000000003">
    <ele>171.07000000000002</ele>
   </trkpt>
   <trkpt lat="-33.99009" lon="25.370030000000003">
    <ele>168.73000000000002</ele>
   </trkpt>
   <trkpt lat="-33.99071" lon="25.369930000000004">
    <ele>163.16</ele>
   </trkpt>
   <trkpt lat="-33.99143" lon="25.369740000000004">
    <ele>157.32000000000002</ele>
   </trkpt>
   <trkpt lat="-33.99197" lon="25.36963">
    <ele>154.62</ele>
   </trkpt>
   <trkpt lat="-33.99277" lon="25.36961">
    <ele>150.59</ele>
   </trkpt>
   <trkpt lat="-33.99318" lon="25.369650000000004">
    <ele>149.87</ele>
   </trkpt>
   <trkpt lat="-33.99382000015129" lon="25.369786664607794">
    <ele>146.33</ele>
   </trkpt>
   <trkpt lat="-33.99446000015147" lon="25.36992333127447">
    <ele>145.54</ele>
   </trkpt>
   <trkpt lat="-33.9951" lon="25.370060000000002">
    <ele>143.59000000000003</ele>
   </trkpt>
   <trkpt lat="-33.99591" lon="25.37019">
    <ele>140.54</ele>
   </trkpt>
   <trkpt lat="-33.99649" lon="25.370210000000004">
    <ele>136.35</ele>
   </trkpt>
   <trkpt lat="-33.99698" lon="25.370160000000002">
    <ele>133.55</ele>
   </trkpt>
   <trkpt lat="-33.99747" lon="25.370050000000003">
    <ele>129.77</ele>
   </trkpt>
   <trkpt lat="-33.99792" lon="25.36992">
    <ele>124.65</ele>
   </trkpt>
   <trkpt lat="-33.99844" lon="25.3697">
    <ele>122.14000000000001</ele>
   </trkpt>
   <trkpt lat="-33.998780000000004" lon="25.369460000000004">
    <ele>118.37</ele>
   </trkpt>
   <trkpt lat="-33.99951" lon="25.368940000000002">
    <ele>111.32</ele>
   </trkpt>
   <trkpt lat="-34.00012500638539" lon="25.36821501574026">
    <ele>105.41</ele>
   </trkpt>
   <trkpt lat="-34.00074000851796" lon="25.36749002098252">
    <ele>99.32000000000001</ele>
   </trkpt>
   <trkpt lat="-34.00135500639754" lon="25.366765015726447">
    <ele>93.75000000000001</ele>
   </trkpt>
   <trkpt lat="-34.00197" lon="25.36604">
    <ele>89.8</ele>
   </trkpt>
   <trkpt lat="-34.00235" lon="25.36542">
    <ele>85.91</ele>
   </trkpt>
   <trkpt lat="-34.0024" lon="25.365280000000002">
    <ele>85.42</ele>
   </trkpt>
   <trkpt lat="-34.00264" lon="25.36484">
    <ele>83.28</ele>
   </trkpt>
   <trkpt lat="-34.00282" lon="25.36435">
    <ele>79.82000000000001</ele>
   </trkpt>
   <trkpt lat="-34.00298" lon="25.363850000000003">
    <ele>77.97000000000001</ele>
   </trkpt>
   <trkpt lat="-34.00322002230667" lon="25.362891444817116">
    <ele>73.84</ele>
   </trkpt>
   <trkpt lat="-34.003460037178534" lon="25.361932884216582">
    <ele>69.66</ele>
   </trkpt>
   <trkpt lat="-34.00370004461549" lon="25.360974318198487">
    <ele>66.87</ele>
   </trkpt>
   <trkpt lat="-34.003940044617416" lon="25.360015746762922">
    <ele>65.74000000000001</ele>
   </trkpt>
   <trkpt lat="-34.0041800371842" lon="25.35905716990998">
    <ele>65.67</ele>
   </trkpt>
   <trkpt lat="-34.00442002231575" lon="25.35809858763974">
    <ele>66.0</ele>
   </trkpt>
   <trkpt lat="-34.00466" lon="25.35714">
    <ele>65.81</ele>
   </trkpt>
   <trkpt lat="-34.00493" lon="25.356270000000002">
    <ele>65.06</ele>
   </trkpt>
   <trkpt lat="-34.00511" lon="25.35581">
    <ele>64.5</ele>
   </trkpt>
   <trkpt lat="-34.00535" lon="25.35536">
    <ele>63.86</ele>
   </trkpt>
   <trkpt lat="-34.00567" lon="25.35488">
    <ele>62.97000000000001</ele>
   </trkpt>
   <trkpt lat="-34.005990000000004" lon="25.35452">
    <ele>62.19</ele>
   </trkpt>
   <trkpt lat="-34.00629" lon="25.35425">
    <ele>61.33</ele>
   </trkpt>
   <trkpt lat="-34.0067" lon="25.35396">
    <ele>60.68000000000001</ele>
   </trkpt>
   <trkpt lat="-34.00687" lon="25.35386">
    <ele>60.15</ele>
   </trkpt>
   <trkpt lat="-34.00714" lon="25.35375">
    <ele>59.370000000000005</ele>
   </trkpt>
   <trkpt lat="-34.007755000210906" lon="25.353535001548714">
    <ele>58.260000000000005</ele>
   </trkpt>
   <trkpt lat="-34.00837" lon="25.353320000000004">
    <ele>56.36000000000001</ele>
   </trkpt>
   <trkpt lat="-34.00905500022512" lon="25.35305500216055">
    <ele>53.160000000000004</ele>
   </trkpt>
   <trkpt lat="-34.00974" lon="25.352790000000002">
    <ele>48.36000000000001</ele>
   </trkpt>
   <trkpt lat="-34.01019" lon="25.35263">
    <ele>46.12</ele>
   </trkpt>
   <trkpt lat="-34.01057" lon="25.352590000000003">
    <ele>43.02</ele>
   </trkpt>
   <trkpt lat="-34.01075" lon="25.352600000000002">
    <ele>43.02</ele>
   </trkpt>
   <trkpt lat="-34.01113" lon="25.352710000000002">
    <ele>39.470000000000006</ele>
   </trkpt>
   <trkpt lat="-34.01131" lon="25.352790000000002">
    <ele>38.19</ele>
   </trkpt>
   <trkpt lat="-34.01155" lon="25.352960000000003">
    <ele>35.910000000000004</ele>
   </trkpt>
   <trkpt lat="-34.01198" lon="25.353410000000004">
    <ele>32.6</ele>
   </trkpt>
   <trkpt lat="-34.012280000000004" lon="25.353810000000003">
    <ele>30.520000000000003</ele>
   </trkpt>
   <trkpt lat="-34.012680000916205" lon="25.35431499747475">
    <ele>28.040000000000003</ele>
   </trkpt>
   <trkpt lat="-34.01308" lon="25.354820000000004">
    <ele>27.250000000000004</ele>
   </trkpt>
   <trkpt lat="-34.01332" lon="25.355220000000003">
    <ele>25.720000000000002</ele>
   </trkpt>
   <trkpt lat="-34.01366" lon="25.355990000000002">
    <ele>24.91</ele>
   </trkpt>
   <trkpt lat="-34.01399000542067" lon="25.356809993573403">
    <ele>24.040000000000003</ele>
   </trkpt>
   <trkpt lat="-34.014320005399796" lon="25.3576299935214">
    <ele>23.540000000000003</ele>
   </trkpt>
   <trkpt lat="-34.01465" lon="25.35845">
    <ele>22.490000000000002</ele>
   </trkpt>
   <trkpt lat="-34.01491" lon="25.35902">
    <ele>21.57</ele>
   </trkpt>
   <trkpt lat="-34.015190000000004" lon="25.35948">
    <ele>20.37</ele>
   </trkpt>
   <trkpt lat="-34.01556" lon="25.360020000000002">
    <ele>19.590000000000003</ele>
   </trkpt>
   <trkpt lat="-34.01572" lon="25.360290000000003">
    <ele>18.39</ele>
   </trkpt>
   <trkpt lat="-34.0159950019227" lon="25.360974997840728">
    <ele>17.490000000000002</ele>
   </trkpt>
   <trkpt lat="-34.016270000000006" lon="25.36166">
    <ele>17.32</ele>
   </trkpt>
   <trkpt lat="-34.01639" lon="25.36194">
    <ele>17.39</ele>
   </trkpt>
   <trkpt lat="-34.01655" lon="25.362470000000002">
    <ele>17.650000000000002</ele>
   </trkpt>
   <trkpt lat="-34.01666" lon="25.363100000000003">
    <ele>17.59</ele>
   </trkpt>
   <trkpt lat="-34.01677000603677" lon="25.363963331132165">
    <ele>16.91</ele>
   </trkpt>
   <trkpt lat="-34.0168800060414" lon="25.364826664501766">
    <ele>14.870000000000001</ele>
   </trkpt>
   <trkpt lat="-34.01699" lon="25.36569">
    <ele>11.750000000000002</ele>
   </trkpt>
   <trkpt lat="-34.01699" lon="25.36568">
    <ele>11.750000000000002</ele>
   </trkpt>
   <trkpt lat="-34.01710500276456" lon="25.366504998956625">
    <ele>8.790000000000001</ele>
   </trkpt>
   <trkpt lat="-34.01722" lon="25.367330000000003">
    <ele>7.59</ele>
   </trkpt>
   <trkpt lat="-34.01731" lon="25.3682">
    <ele>8.010000000000002</ele>
   </trkpt>
   <trkpt lat="-34.017355004333815" lon="25.36923499942871">
    <ele>11.690000000000001</ele>
   </trkpt>
   <trkpt lat="-34.0174" lon="25.37027">
    <ele>16.78</ele>
   </trkpt>
   <trkpt lat="-34.01741000192882" lon="25.370960000072877">
    <ele>18.410000000000004</ele>
   </trkpt>
   <trkpt lat="-34.01742" lon="25.371650000000002">
    <ele>21.210000000000004</ele>
   </trkpt>
   <trkpt lat="-34.01735" lon="25.372580000000003">
    <ele>26.2</ele>
   </trkpt>
   <trkpt lat="-34.017210000000006" lon="25.373530000000002">
    <ele>29.540000000000003</ele>
   </trkpt>
   <trkpt lat="-34.01713" lon="25.373900000000003">
    <ele>30.750000000000004</ele>
   </trkpt>
   <trkpt lat="-34.01691500223602" lon="25.37463500169072">
    <ele>32.300000000000004</ele>
   </trkpt>
   <trkpt lat="-34.0167" lon="25.375370000000004">
    <ele>33.400000000000006</ele>
   </trkpt>
   <trkpt lat="-34.01655" lon="25.375790000000002">
    <ele>33.400000000000006</ele>
   </trkpt>
   <trkpt lat="-34.016325000918854" lon="25.376270001300938">
    <ele>33.71</ele>
   </trkpt>
   <trkpt lat="-34.0161" lon="25.37675">
    <ele>34.06</ele>
   </trkpt>
   <trkpt lat="-34.01592000110277" lon="25.37726500100747">
    <ele>34.63</ele>
   </trkpt>
   <trkpt lat="-34.01574" lon="25.37778">
    <ele>34.85000000000001</ele>
   </trkpt>
   <trkpt lat="-34.015600000000006" lon="25.37835">
    <ele>34.63</ele>
   </trkpt>
   <trkpt lat="-34.015420000000006" lon="25.37928">
    <ele>34.11</ele>
   </trkpt>
   <trkpt lat="-34.01536500122688" lon="25.379840000791322">
    <ele>33.010000000000005</ele>
   </trkpt>
   <trkpt lat="-34.01531" lon="25.3804">
    <ele>32.68</ele>
   </trkpt>
   <trkpt lat="-34.015278353363634" lon="25.381395001863392">
    <ele>33.080000000000005</ele>
   </trkpt>
   <trkpt lat="-34.01524669871504" lon="25.382390002984877">
    <ele>35.26</ele>
   </trkpt>
   <trkpt lat="-34.0152150360542" lon="25.383385003364264">
    <ele>36.46000000000001</ele>
   </trkpt>
   <trkpt lat="-34.01518336538115" lon="25.384380003001368">
    <ele>37.33</ele>
   </trkpt>
   <trkpt lat="-34.01515168669591" lon="25.38537500189601">
    <ele>38.63</ele>
   </trkpt>
   <trkpt lat="-34.01512" lon="25.386370000000003">
    <ele>39.63</ele>
   </trkpt>
   <trkpt lat="-34.01512" lon="25.386360000000003">
    <ele>39.620000000000005</ele>
   </trkpt>
   <trkpt lat="-34.01509002787102" lon="25.3874314308443">
    <ele>40.85</ele>
   </trkpt>
   <trkpt lat="-34.015060046451644" lon="25.388502860931958">
    <ele>42.410000000000004</ele>
   </trkpt>
   <trkpt lat="-34.0150300557419" lon="25.389574290262736">
    <ele>45.02</ele>
   </trkpt>
   <trkpt lat="-34.01500005574182" lon="25.39064571883641">
    <ele>50.010000000000005</ele>
   </trkpt>
   <trkpt lat="-34.01497004645141" lon="25.39171714665274">
    <ele>54.52</ele>
   </trkpt>
   <trkpt lat="-34.01494002787068" lon="25.3927885737115">
    <ele>57.13</ele>
   </trkpt>
   <trkpt lat="-34.01491" lon="25.393860000000004">
    <ele>58.31000000000001</ele>
   </trkpt>
   <trkpt lat="-34.014850027723114" lon="25.394928575948956">
    <ele>58.92000000000001</ele>
   </trkpt>
   <trkpt lat="-34.01479004620531" lon="25.395997150388087">
    <ele>58.86</ele>
   </trkpt>
   <trkpt lat="-34.014730055446655" lon="25.397065723317162">
    <ele>58.07</ele>
   </trkpt>
   <trkpt lat="-34.014670055447155" lon="25.398134294735964">
    <ele>56.52</ele>
   </trkpt>
   <trkpt lat="-34.01461004620687" lon="25.399202864644256">
    <ele>55.95</ele>
   </trkpt>
   <trkpt lat="-34.01455002772581" lon="25.400271433041812">
    <ele>55.34</ele>
   </trkpt>
   <trkpt lat="-34.01449" lon="25.40134">
    <ele>55.23</ele>
   </trkpt>
   <trkpt lat="-34.01444" lon="25.40209">
    <ele>55.28</ele>
   </trkpt>
   <trkpt lat="-34.01434791364883" lon="25.40312644319223">
    <ele>55.11000000000001</ele>
   </trkpt>
   <trkpt lat="-34.01425581860424" lon="25.404162884135978">
    <ele>55.06</ele>
   </trkpt>
   <trkpt lat="-34.01416371486626" lon="25.40519932283104">
    <ele>55.07000000000001</ele>
   </trkpt>
   <trkpt lat="-34.014071602434946" lon="25.406235759277216">
    <ele>54.93000000000001</ele>
   </trkpt>
   <trkpt lat="-34.01397948131036" lon="25.40727219347431">
    <ele>54.82000000000001</ele>
   </trkpt>
   <trkpt lat="-34.013887351492535" lon="25.408308625422116">
    <ele>55.550000000000004</ele>
   </trkpt>
   <trkpt lat="-34.01379521298152" lon="25.409345055120443">
    <ele>57.59</ele>
   </trkpt>
   <trkpt lat="-34.01370306577738" lon="25.41038148256908">
    <ele>58.99000000000001</ele>
   </trkpt>
   <trkpt lat="-34.01361090988016" lon="25.41141790776784">
    <ele>58.88</ele>
   </trkpt>
   <trkpt lat="-34.013518745289886" lon="25.412454330716518">
    <ele>57.940000000000005</ele>
   </trkpt>
   <trkpt lat="-34.01342657200663" lon="25.41349075141491">
    <ele>57.53</ele>
   </trkpt>
   <trkpt lat="-34.01333439003043" lon="25.41452716986282">
    <ele>56.86000000000001</ele>
   </trkpt>
   <trkpt lat="-34.01324219936136" lon="25.415563586060053">
    <ele>56.52</ele>
   </trkpt>
   <trkpt lat="-34.01315" lon="25.416600000000003">
    <ele>56.49</ele>
   </trkpt>
   <trkpt lat="-34.013096671058285" lon="25.417336667593762">
    <ele>55.95</ele>
   </trkpt>
   <trkpt lat="-34.013043337724824" lon="25.41807333426205">
    <ele>55.120000000000005</ele>
   </trkpt>
   <trkpt lat="-34.01299" lon="25.41881">
    <ele>54.49</ele>
   </trkpt>
   <trkpt lat="-34.012950000000004" lon="25.419850000000004">
    <ele>53.56</ele>
   </trkpt>
   <trkpt lat="-34.01295500153117" lon="25.420465000055177">
    <ele>52.78000000000001</ele>
   </trkpt>
   <trkpt lat="-34.01296" lon="25.421080000000003">
    <ele>51.940000000000005</ele>
   </trkpt>
   <trkpt lat="-34.012985001285195" lon="25.421640000199318">
    <ele>51.67000000000001</ele>
   </trkpt>
   <trkpt lat="-34.01301" lon="25.422200000000004">
    <ele>51.32</ele>
   </trkpt>
   <trkpt lat="-34.0130650020322" lon="25.422909999442385">
    <ele>50.43</ele>
   </trkpt>
   <trkpt lat="-34.01312" lon="25.423620000000003">
    <ele>49.760000000000005</ele>
   </trkpt>
   <trkpt lat="-34.01321000191658" lon="25.424304999410282">
    <ele>48.690000000000005</ele>
   </trkpt>
   <trkpt lat="-34.0133" lon="25.42499">
    <ele>48.11000000000001</ele>
   </trkpt>
   <trkpt lat="-34.013450007617415" lon="25.425959996591594">
    <ele>46.75000000000001</ele>
   </trkpt>
   <trkpt lat="-34.0136000076204" lon="25.426929996610767">
    <ele>46.09</ele>
   </trkpt>
   <trkpt lat="-34.01375" lon="25.4279">
    <ele>45.32000000000001</ele>
   </trkpt>
   <trkpt lat="-34.01381" lon="25.428600000000003">
    <ele>45.08</ele>
   </trkpt>
   <trkpt lat="-34.0138450025878" lon="25.429399999626995">
    <ele>45.11000000000001</ele>
   </trkpt>
   <trkpt lat="-34.01388" lon="25.430200000000003">
    <ele>45.2</ele>
   </trkpt>
   <trkpt lat="-34.01387000160799" lon="25.43082999995016">
    <ele>45.71</ele>
   </trkpt>
   <trkpt lat="-34.01386" lon="25.43146">
    <ele>46.13</ele>
   </trkpt>
   <trkpt lat="-34.013823779252625" lon="25.43247625304168">
    <ele>47.85</ele>
   </trkpt>
   <trkpt lat="-34.01378755014725" lon="25.43349250521614">
    <ele>49.74</ele>
   </trkpt>
   <trkpt lat="-34.01375131268392" lon="25.43450875652318">
    <ele>52.480000000000004</ele>
   </trkpt>
   <trkpt lat="-34.01371506686265" lon="25.4355250069626">
    <ele>54.400000000000006</ele>
   </trkpt>
   <trkpt lat="-34.013678812683466" lon="25.436541256534206">
    <ele>55.61000000000001</ele>
   </trkpt>
   <trkpt lat="-34.01364255014638" lon="25.437557505237795">
    <ele>55.78</ele>
   </trkpt>
   <trkpt lat="-34.013606279251405" lon="25.438573753073175">
    <ele>54.77</ele>
   </trkpt>
   <trkpt lat="-34.01357" lon="25.439590000000003">
    <ele>52.68000000000001</ele>
   </trkpt>
   <trkpt lat="-34.01354251189656" lon="25.440580000997613">
    <ele>50.04</ele>
   </trkpt>
   <trkpt lat="-34.013515015861415" lon="25.44157000135408">
    <ele>48.330000000000005</ele>
   </trkpt>
   <trkpt lat="-34.01348751189457" lon="25.442560001069214">
    <ele>48.07</ele>
   </trkpt>
   <trkpt lat="-34.01346" lon="25.443550000000002">
    <ele>49.14</ele>
   </trkpt>
   <trkpt lat="-34.013430002117516" lon="25.444275000482218">
    <ele>49.410000000000004</ele>
   </trkpt>
   <trkpt lat="-34.013400000000004" lon="25.445000000000004">
    <ele>49.900000000000006</ele>
   </trkpt>
   <trkpt lat="-34.013367810509315" lon="25.44600555861024">
    <ele>49.67</ele>
   </trkpt>
   <trkpt lat="-34.01333561283568" lon="25.447011116457887">
    <ele>49.02</ele>
   </trkpt>
   <trkpt lat="-34.01330340697914" lon="25.448016673542757">
    <ele>47.99</ele>
   </trkpt>
   <trkpt lat="-34.013271192939676" lon="25.44902222986465">
    <ele>46.81</ele>
   </trkpt>
   <trkpt lat="-34.01323897071732" lon="25.450027785423377">
    <ele>46.230000000000004</ele>
   </trkpt>
   <trkpt lat="-34.01320674031209" lon="25.451033340218757">
    <ele>46.13</ele>
   </trkpt>
   <trkpt lat="-34.01317450172399" lon="25.452038894250578">
    <ele>46.760000000000005</ele>
   </trkpt>
   <trkpt lat="-34.013142254953046" lon="25.45304444751866">
    <ele>48.150000000000006</ele>
   </trkpt>
   <trkpt lat="-34.013110000000005" lon="25.454050000000002">
    <ele>48.870000000000005</ele>
   </trkpt>
   <trkpt lat="-34.013110000000005" lon="25.454040000000003">
    <ele>48.86</ele>
   </trkpt>
   <trkpt lat="-34.01307452451376" lon="25.455118896565864">
    <ele>49.980000000000004</ele>
   </trkpt>
   <trkpt lat="-34.01303903960749" lon="25.456197792229993">
    <ele>50.370000000000005</ele>
   </trkpt>
   <trkpt lat="-34.01300354528121" lon="25.457276686992167">
    <ele>49.85</ele>
   </trkpt>
   <trkpt lat="-34.01296804153493" lon="25.458355580852135">
    <ele>48.6</ele>
   </trkpt>
   <trkpt lat="-34.012932528368665" lon="25.459434473809665">
    <ele>46.95</ele>
   </trkpt>
   <trkpt lat="-34.01289700578246" lon="25.46051336586452">
    <ele>47.05</ele>
   </trkpt>
   <trkpt lat="-34.012861473776326" lon="25.461592257016466">
    <ele>47.900000000000006</ele>
   </trkpt>
   <trkpt lat="-34.01282593235028" lon="25.46267114726526">
    <ele>48.690000000000005</ele>
   </trkpt>
   <trkpt lat="-34.01279038150433" lon="25.463750036610666">
    <ele>49.620000000000005</ele>
   </trkpt>
   <trkpt lat="-34.01275482123852" lon="25.464828925052455">
    <ele>50.330000000000005</ele>
   </trkpt>
   <trkpt lat="-34.01271925155284" lon="25.465907812590373">
    <ele>51.43</ele>
   </trkpt>
   <trkpt lat="-34.01268367244736" lon="25.466986699224194">
    <ele>53.94</ele>
   </trkpt>
   <trkpt lat="-34.012648083922045" lon="25.468065584953678">
    <ele>57.440000000000005</ele>
   </trkpt>
   <trkpt lat="-34.01261248597695" lon="25.469144469778588">
    <ele>60.49</ele>
   </trkpt>
   <trkpt lat="-34.01257687861208" lon="25.47022335369868">
    <ele>62.76000000000001</ele>
   </trkpt>
   <trkpt lat="-34.01254126182748" lon="25.471302236713736">
    <ele>64.80000000000001</ele>
   </trkpt>
   <trkpt lat="-34.01250563562313" lon="25.472381118823495">
    <ele>65.98</ele>
   </trkpt>
   <trkpt lat="-34.01247" lon="25.473460000000003">
    <ele>67.38000000000001</ele>
   </trkpt>
   <trkpt lat="-34.012446671546755" lon="25.47423666714276">
    <ele>68.58</ele>
   </trkpt>
   <trkpt lat="-34.01242333821193" lon="25.475013333858673">
    <ele>69.47</ele>
   </trkpt>
   <trkpt lat="-34.0124" lon="25.475790000000003">
    <ele>69.95000000000002</ele>
   </trkpt>
   <trkpt lat="-34.01236333833911" lon="25.47657666739537">
    <ele>69.97</ele>
   </trkpt>
   <trkpt lat="-34.012326671670145" lon="25.477363334111327">
    <ele>69.64</ele>
   </trkpt>
   <trkpt lat="-34.01229" lon="25.478150000000003">
    <ele>68.77000000000001</ele>
   </trkpt>
   <trkpt lat="-34.01221595590552" lon="25.479215897235775">
    <ele>67.12</ele>
   </trkpt>
   <trkpt lat="-34.01214190261677" lon="25.48028179261235">
    <ele>66.5</ele>
   </trkpt>
   <trkpt lat="-34.01206784013377" lon="25.481347686129496">
    <ele>66.9</ele>
   </trkpt>
   <trkpt lat="-34.01199376845656" lon="25.482413577786996">
    <ele>68.37</ele>
   </trkpt>
   <trkpt lat="-34.0119196875852" lon="25.483479467584626">
    <ele>70.03</ele>
   </trkpt>
   <trkpt lat="-34.011845597519724" lon="25.484545355522158">
    <ele>72.08</ele>
   </trkpt>
   <trkpt lat="-34.01177149826017" lon="25.485611241599383">
    <ele>74.1</ele>
   </trkpt>
   <trkpt lat="-34.01169738980658" lon="25.486677125816062">
    <ele>76.28</ele>
   </trkpt>
   <trkpt lat="-34.01162327215899" lon="25.487743008171986">
    <ele>77.81</ele>
   </trkpt>
   <trkpt lat="-34.011549145317474" lon="25.488808888666927">
    <ele>80.12</ele>
   </trkpt>
   <trkpt lat="-34.01147500928203" lon="25.489874767300662">
    <ele>82.0</ele>
   </trkpt>
   <trkpt lat="-34.01140086405271" lon="25.490940644072968">
    <ele>83.77000000000001</ele>
   </trkpt>
   <trkpt lat="-34.01132670962959" lon="25.49200651898363">
    <ele>85.41000000000001</ele>
   </trkpt>
   <trkpt lat="-34.01125254601268" lon="25.493072392032413">
    <ele>87.07000000000001</ele>
   </trkpt>
   <trkpt lat="-34.01117837320201" lon="25.494138263219103">
    <ele>88.49000000000001</ele>
   </trkpt>
   <trkpt lat="-34.011104191197646" lon="25.49520413254348">
    <ele>90.19</ele>
   </trkpt>
   <trkpt lat="-34.011030000000005" lon="25.496270000000003">
    <ele>91.84</ele>
   </trkpt>
   <trkpt lat="-34.011030000000005" lon="25.496260000000003">
    <ele>91.82000000000001</ele>
   </trkpt>
   <trkpt lat="-34.01099000252365" lon="25.49705000040388">
    <ele>92.98</ele>
   </trkpt>
   <trkpt lat="-34.01095" lon="25.497840000000004">
    <ele>94.34</ele>
   </trkpt>
   <trkpt lat="-34.01091835178457" lon="25.49879500178243">
    <ele>95.87</ele>
   </trkpt>
   <trkpt lat="-34.01088669618861" lon="25.499750002852856">
    <ele>98.32000000000001</ele>
   </trkpt>
   <trkpt lat="-34.010855033212124" lon="25.500705003211127">
    <ele>101.77000000000001</ele>
   </trkpt>
   <trkpt lat="-34.01082336285511" lon="25.501660002857076">
    <ele>103.45000000000002</ele>
   </trkpt>
   <trkpt lat="-34.01079168511761" lon="25.50261500179053">
    <ele>106.01</ele>
   </trkpt>
   <trkpt lat="-34.010760000000005" lon="25.503570000000003">
    <ele>108.97000000000001</ele>
   </trkpt>
   <trkpt lat="-34.01074000548431" lon="25.504393333777536">
    <ele>111.46000000000001</ele>
   </trkpt>
   <trkpt lat="-34.01072000548294" lon="25.50521666716726">
    <ele>112.59</ele>
   </trkpt>
   <trkpt lat="-34.0107" lon="25.506040000000002">
    <ele>114.21000000000001</ele>
   </trkpt>
   <trkpt lat="-34.01064000518548" lon="25.50684000104616">
    <ele>115.19000000000001</ele>
   </trkpt>
   <trkpt lat="-34.010580005191805" lon="25.50764000096177">
    <ele>115.79</ele>
   </trkpt>
   <trkpt lat="-34.01052" lon="25.508440000000004">
    <ele>116.33</ele>
   </trkpt>
   <trkpt lat="-34.010420013385406" lon="25.509490003682323">
    <ele>117.70000000000002</ele>
   </trkpt>
   <trkpt lat="-34.010320017848905" lon="25.51054000489169">
    <ele>119.98</ele>
   </trkpt>
   <trkpt lat="-34.01022001339056" lon="25.511590003627884">
    <ele>121.56000000000002</ele>
   </trkpt>
   <trkpt lat="-34.01012" lon="25.51264">
    <ele>122.94000000000001</ele>
   </trkpt>
   <trkpt lat="-34.010020001309975" lon="25.513205000561776">
    <ele>123.17000000000002</ele>
   </trkpt>
   <trkpt lat="-34.00992" lon="25.51377">
    <ele>123.51</ele>
   </trkpt>
   <trkpt lat="-34.00972000186276" lon="25.514450001629424">
    <ele>123.59</ele>
   </trkpt>
   <trkpt lat="-34.00952" lon="25.515130000000003">
    <ele>123.74000000000001</ele>
   </trkpt>
   <trkpt lat="-34.00931500097901" lon="25.51562000116496">
    <ele>124.13</ele>
   </trkpt>
   <trkpt lat="-34.00911" lon="25.51611">
    <ele>125.02000000000002</ele>
   </trkpt>
   <trkpt lat="-34.00871" lon="25.516920000000002">
    <ele>127.32000000000001</ele>
   </trkpt>
   <trkpt lat="-34.00842" lon="25.517400000000002">
    <ele>129.85000000000002</ele>
   </trkpt>
   <trkpt lat="-34.00806" lon="25.517940000000003">
    <ele>133.16</ele>
   </trkpt>
   <trkpt lat="-34.00764" lon="25.518490000000003">
    <ele>137.0</ele>
   </trkpt>
   <trkpt lat="-34.0073" lon="25.51885">
    <ele>139.88</ele>
   </trkpt>
   <trkpt lat="-34.00665" lon="25.519520000000004">
    <ele>144.83</ele>
   </trkpt>
   <trkpt lat="-34.00627" lon="25.519830000000002">
    <ele>148.19000000000003</ele>
   </trkpt>
   <trkpt lat="-34.00593" lon="25.520090000000003">
    <ele>150.49</ele>
   </trkpt>
   <trkpt lat="-34.00524" lon="25.52054">
    <ele>154.83</ele>
   </trkpt>
   <trkpt lat="-34.004795000299566" lon="25.52078000122164">
    <ele>157.01000000000002</ele>
   </trkpt>
   <trkpt lat="-34.00435" lon="25.521020000000004">
    <ele>160.70000000000002</ele>
   </trkpt>
   <trkpt lat="-34.00394" lon="25.52118">
    <ele>162.60000000000002</ele>
   </trkpt>
   <trkpt lat="-34.003420000000006" lon="25.52136">
    <ele>166.61</ele>
   </trkpt>
   <trkpt lat="-34.002550000253756" lon="25.521600002452598">
    <ele>170.44</ele>
   </trkpt>
   <trkpt lat="-34.00168" lon="25.52184">
    <ele>173.51000000000002</ele>
   </trkpt>
   <trkpt lat="-34.00119" lon="25.522000000000002">
    <ele>175.07</ele>
   </trkpt>
   <trkpt lat="-34.00074" lon="25.522170000000003">
    <ele>175.85</ele>
   </trkpt>
   <trkpt lat="-34.00005" lon="25.522540000000003">
    <ele>176.41</ele>
   </trkpt>
   <trkpt lat="-33.99953" lon="25.522890000000004">
    <ele>177.13</ele>
   </trkpt>
   <trkpt lat="-33.9992" lon="25.523180000000004">
    <ele>177.4</ele>
   </trkpt>
   <trkpt lat="-33.99877" lon="25.523580000000003">
    <ele>178.67000000000002</ele>
   </trkpt>
   <trkpt lat="-33.99814" lon="25.524350000000002">
    <ele>182.16000000000003</ele>
   </trkpt>
   <trkpt lat="-33.997890000000005" lon="25.52473">
    <ele>182.92000000000002</ele>
   </trkpt>
   <trkpt lat="-33.99761" lon="25.525250000000003">
    <ele>184.71</ele>
   </trkpt>
   <trkpt lat="-33.99738" lon="25.5257">
    <ele>185.53000000000003</ele>
   </trkpt>
   <trkpt lat="-33.9972" lon="25.526130000000002">
    <ele>186.22000000000003</ele>
   </trkpt>
   <trkpt lat="-33.996880000000004" lon="25.5271">
    <ele>186.71</ele>
   </trkpt>
   <trkpt lat="-33.996580020768356" lon="25.528113351230456">
    <ele>185.19000000000003</ele>
   </trkpt>
   <trkpt lat="-33.996280033228466" lon="25.529126695304512">
    <ele>180.44000000000003</ele>
   </trkpt>
   <trkpt lat="-33.995980037380484" lon="25.5301400322221">
    <ele>176.64000000000001</ele>
   </trkpt>
   <trkpt lat="-33.995680033224566" lon="25.531153361983154">
    <ele>173.91</ele>
   </trkpt>
   <trkpt lat="-33.99538002076086" lon="25.532166684587615">
    <ele>168.56</ele>
   </trkpt>
   <trkpt lat="-33.99508" lon="25.53318">
    <ele>164.15</ele>
   </trkpt>
   <trkpt lat="-33.99503" lon="25.533360000000002">
    <ele>163.17000000000002</ele>
   </trkpt>
   <trkpt lat="-33.9948600078265" lon="25.534343337249222">
    <ele>161.10000000000002</ele>
   </trkpt>
   <trkpt lat="-33.9946900078298" lon="25.535326670563382">
    <ele>159.41000000000003</ele>
   </trkpt>
   <trkpt lat="-33.99452" lon="25.536310000000004">
    <ele>157.06</ele>
   </trkpt>
   <trkpt lat="-33.99452" lon="25.536340000000003">
    <ele>157.01000000000002</ele>
   </trkpt>
   <trkpt lat="-33.99434000448989" lon="25.537395002308987">
    <ele>154.99</ele>
   </trkpt>
   <trkpt lat="-33.99416" lon="25.53845">
    <ele>152.75000000000003</ele>
   </trkpt>
   <trkpt lat="-33.993955586777126" lon="25.53943224112994">
    <ele>150.1</ele>
   </trkpt>
   <trkpt lat="-33.993751165748584" lon="25.540414477533478">
    <ele>147.56000000000003</ele>
   </trkpt>
   <trkpt lat="-33.99354673691446" lon="25.541396709210495">
    <ele>144.36</ele>
   </trkpt>
   <trkpt lat="-33.99334230027486" lon="25.54237893616088">
    <ele>143.54</ele>
   </trkpt>
   <trkpt lat="-33.99313785582989" lon="25.543361158384492">
    <ele>142.03</ele>
   </trkpt>
   <trkpt lat="-33.99293340357963" lon="25.544343375881226">
    <ele>139.8</ele>
   </trkpt>
   <trkpt lat="-33.992728943524185" lon="25.545325588650954">
    <ele>138.01000000000002</ele>
   </trkpt>
   <trkpt lat="-33.99252447566365" lon="25.54630779669355">
    <ele>136.41</ele>
   </trkpt>
   <trkpt lat="-33.99232" lon="25.547290000000004">
    <ele>134.25</ele>
   </trkpt>
   <trkpt lat="-33.992140000000006" lon="25.54811">
    <ele>133.42000000000002</ele>
   </trkpt>
   <trkpt lat="-33.99215" lon="25.54813">
    <ele>133.26000000000002</ele>
   </trkpt>
   <trkpt lat="-33.99157000033071" lon="25.54794333080074">
    <ele>133.37</ele>
   </trkpt>
   <trkpt lat="-33.9909900003795" lon="25.547756664149812">
    <ele>133.61</ele>
   </trkpt>
   <trkpt lat="-33.990410000000004" lon="25.54757">
    <ele>134.07000000000002</ele>
   </trkpt>
   <trkpt lat="-33.98976000005546" lon="25.547379998520196">
    <ele>134.39000000000001</ele>
   </trkpt>
   <trkpt lat="-33.989110000000004" lon="25.54719">
    <ele>134.83</ele>
   </trkpt>
   <trkpt lat="-33.98837000024087" lon="25.546949997912694">
    <ele>135.73000000000002</ele>
   </trkpt>
   <trkpt lat="-33.98763" lon="25.54671">
    <ele>135.22</ele>
   </trkpt>
   <trkpt lat="-33.98733" lon="25.546580000000002">
    <ele>134.54000000000002</ele>
   </trkpt>
   <trkpt lat="-33.98705" lon="25.54632">
    <ele>134.51000000000002</ele>
   </trkpt>
   <trkpt lat="-33.986720000000005" lon="25.545730000000002">
    <ele>135.06</ele>
   </trkpt>
   <trkpt lat="-33.98626" lon="25.54482">
    <ele>134.3</ele>
   </trkpt>
   <trkpt lat="-33.985780003263116" lon="25.543924994988416">
    <ele>132.8</ele>
   </trkpt>
   <trkpt lat="-33.9853" lon="25.54303">
    <ele>131.97</ele>
   </trkpt>
   <trkpt lat="-33.98516" lon="25.542610000000003">
    <ele>132.11</ele>
   </trkpt>
   <trkpt lat="-33.985130000000005" lon="25.541940000000004">
    <ele>132.65</ele>
   </trkpt>
   <trkpt lat="-33.98512" lon="25.541330000000002">
    <ele>133.29000000000002</ele>
   </trkpt>
   <trkpt lat="-33.98503" lon="25.540960000000002">
    <ele>133.42000000000002</ele>
   </trkpt>
   <trkpt lat="-33.984860000000005" lon="25.540490000000002">
    <ele>133.57000000000002</ele>
   </trkpt>
   <trkpt lat="-33.984790000000004" lon="25.540380000000003">
    <ele>133.57000000000002</ele>
   </trkpt>
   <trkpt lat="-33.98465" lon="25.54013">
    <ele>133.64000000000001</ele>
   </trkpt>
   <trkpt lat="-33.984216669484674" lon="25.539546660806618">
    <ele>134.12</ele>
   </trkpt>
   <trkpt lat="-33.98378333621668" lon="25.538963327561305">
    <ele>135.0</ele>
   </trkpt>
   <trkpt lat="-33.98335" lon="25.538380000000004">
    <ele>137.64000000000001</ele>
   </trkpt>
   <trkpt lat="-33.98303000090112" lon="25.53792499837771">
    <ele>138.65000000000003</ele>
   </trkpt>
   <trkpt lat="-33.982710000000004" lon="25.537470000000003">
    <ele>139.3</ele>
   </trkpt>
   <trkpt lat="-33.982260000000004" lon="25.536630000000002">
    <ele>139.81</ele>
   </trkpt>
   <trkpt lat="-33.98194500072584" lon="25.536159998008205">
    <ele>139.94</ele>
   </trkpt>
   <trkpt lat="-33.98163" lon="25.535690000000002">
    <ele>139.62000000000003</ele>
   </trkpt>
   <trkpt lat="-33.98108000222997" lon="25.534939995085892">
    <ele>138.85</ele>
   </trkpt>
   <trkpt lat="-33.98053" lon="25.534190000000002">
    <ele>139.42000000000002</ele>
   </trkpt>
   <trkpt lat="-33.98022" lon="25.533870000000004">
    <ele>139.76000000000002</ele>
   </trkpt>
   <trkpt lat="-33.98003" lon="25.533730000000002">
    <ele>139.91</ele>
   </trkpt>
   <trkpt lat="-33.979760000000006" lon="25.53357">
    <ele>139.90000000000003</ele>
   </trkpt>
   <trkpt lat="-33.9795" lon="25.53346">
    <ele>139.81</ele>
   </trkpt>
   <trkpt lat="-33.97918" lon="25.5334">
    <ele>138.8</ele>
   </trkpt>
   <trkpt lat="-33.97892" lon="25.533430000000003">
    <ele>138.56</ele>
   </trkpt>
   <trkpt lat="-33.978680000000004" lon="25.533500000000004">
    <ele>138.11</ele>
   </trkpt>
   <trkpt lat="-33.978680000000004" lon="25.533510000000003">
    <ele>138.1</ele>
   </trkpt>
   <trkpt lat="-33.97862" lon="25.53347">
    <ele>138.09</ele>
   </trkpt>
   <trkpt lat="-33.97838" lon="25.533130000000003">
    <ele>138.26000000000002</ele>
   </trkpt>
   <trkpt lat="-33.97822" lon="25.532960000000003">
    <ele>138.76000000000002</ele>
   </trkpt>
   <trkpt lat="-33.97749333500413" lon="25.532506658922408">
    <ele>139.18</ele>
   </trkpt>
   <trkpt lat="-33.97676666834592" lon="25.532053325594475">
    <ele>139.03</ele>
   </trkpt>
   <trkpt lat="-33.976040000000005" lon="25.5316">
    <ele>138.86</ele>
   </trkpt>
   <trkpt lat="-33.97537500077633" lon="25.531169996655272">
    <ele>138.67000000000002</ele>
   </trkpt>
   <trkpt lat="-33.97471" lon="25.53074">
    <ele>138.68</ele>
   </trkpt>
   <trkpt lat="-33.97403500076864" lon="25.53033499684805">
    <ele>138.86</ele>
   </trkpt>
   <trkpt lat="-33.97336" lon="25.529930000000004">
    <ele>138.62</ele>
   </trkpt>
   <trkpt lat="-33.97292" lon="25.52963">
    <ele>138.5</ele>
   </trkpt>
   <trkpt lat="-33.97225600281254" lon="25.52921198693537">
    <ele>138.11</ele>
   </trkpt>
   <trkpt lat="-33.97159200421182" lon="25.52879398039895">
    <ele>137.47</ele>
   </trkpt>
   <trkpt lat="-33.97092800419793" lon="25.528375980390493">
    <ele>136.91</ele>
   </trkpt>
   <trkpt lat="-33.97026400277091" lon="25.52795798690974">
    <ele>136.57000000000002</ele>
   </trkpt>
   <trkpt lat="-33.9696" lon="25.527540000000002">
    <ele>135.84</ele>
   </trkpt>
   <trkpt lat="-33.96894" lon="25.52719">
    <ele>135.39000000000001</ele>
   </trkpt>
   <trkpt lat="-33.96831666800009" lon="25.526786660765826">
    <ele>133.73000000000002</ele>
   </trkpt>
   <trkpt lat="-33.967693334684505" lon="25.526383327444055">
    <ele>130.60000000000002</ele>
   </trkpt>
   <trkpt lat="-33.96707" lon="25.52598">
    <ele>127.77000000000002</ele>
   </trkpt>
   <trkpt lat="-33.96658" lon="25.52568">
    <ele>126.28</ele>
   </trkpt>
   <trkpt lat="-33.96633" lon="25.52549">
    <ele>124.61000000000001</ele>
   </trkpt>
   <trkpt lat="-33.96631" lon="25.525460000000002">
    <ele>124.43</ele>
   </trkpt>
   <trkpt lat="-33.966240000000006" lon="25.525450000000003">
    <ele>124.43</ele>
   </trkpt>
   <trkpt lat="-33.96602" lon="25.525370000000002">
    <ele>123.43</ele>
   </trkpt>
   <trkpt lat="-33.96537000207522" lon="25.524957490550058">
    <ele>120.03000000000002</ele>
   </trkpt>
   <trkpt lat="-33.96472000277429" lon="25.524544987404916">
    <ele>118.4</ele>
   </trkpt>
   <trkpt lat="-33.96407000209729" lon="25.524132490564337">
    <ele>118.64</ele>
   </trkpt>
   <trkpt lat="-33.96342" lon="25.52372">
    <ele>118.03</ele>
   </trkpt>
   <trkpt lat="-33.96313" lon="25.52342">
    <ele>117.26</ele>
   </trkpt>
   <trkpt lat="-33.96298" lon="25.523220000000002">
    <ele>116.80000000000001</ele>
   </trkpt>
   <trkpt lat="-33.96258" lon="25.522560000000002">
    <ele>115.15000000000002</ele>
   </trkpt>
   <trkpt lat="-33.9621233387734" lon="25.521739991200263">
    <ele>113.37</ele>
   </trkpt>
   <trkpt lat="-33.96166667210911" lon="25.520919991204686">
    <ele>113.9</ele>
   </trkpt>
   <trkpt lat="-33.96121" lon="25.520100000000003">
    <ele>115.42</ele>
   </trkpt>
   <trkpt lat="-33.96088" lon="25.519180000000002">
    <ele>115.64</ele>
   </trkpt>
   <trkpt lat="-33.96072" lon="25.518670000000004">
    <ele>115.44000000000001</ele>
   </trkpt>
   <trkpt lat="-33.96051" lon="25.518320000000003">
    <ele>115.35000000000001</ele>
   </trkpt>
   <trkpt lat="-33.96034" lon="25.518060000000002">
    <ele>115.19000000000001</ele>
   </trkpt>
   <trkpt lat="-33.95989000124282" lon="25.517499997006517">
    <ele>114.81</ele>
   </trkpt>
   <trkpt lat="-33.95944" lon="25.51694">
    <ele>115.52000000000001</ele>
   </trkpt>
   <trkpt lat="-33.95935" lon="25.516800000000003">
    <ele>115.79</ele>
   </trkpt>
   <trkpt lat="-33.95917" lon="25.51639">
    <ele>115.63000000000001</ele>
   </trkpt>
   <trkpt lat="-33.95904" lon="25.51601">
    <ele>114.94000000000001</ele>
   </trkpt>
   <trkpt lat="-33.95899" lon="25.51565">
    <ele>114.78</ele>
   </trkpt>
   <trkpt lat="-33.95897" lon="25.515220000000003">
    <ele>114.21000000000001</ele>
   </trkpt>
   <trkpt lat="-33.95901" lon="25.514940000000003">
    <ele>113.85000000000001</ele>
   </trkpt>
   <trkpt lat="-33.95901" lon="25.514920000000004">
    <ele>113.84</ele>
   </trkpt>
   <trkpt lat="-33.95904" lon="25.514760000000003">
    <ele>113.79000000000002</ele>
   </trkpt>
   <trkpt lat="-33.9591" lon="25.514590000000002">
    <ele>113.87</ele>
   </trkpt>
   <trkpt lat="-33.95918" lon="25.51444">
    <ele>114.11</ele>
   </trkpt>
   <trkpt lat="-33.95933" lon="25.51424">
    <ele>114.77000000000001</ele>
   </trkpt>
   <trkpt lat="-33.95964" lon="25.51367">
    <ele>117.64</ele>
   </trkpt>
   <trkpt lat="-33.95993" lon="25.512950000000004">
    <ele>119.94</ele>
   </trkpt>
   <trkpt lat="-33.959970000000006" lon="25.512690000000003">
    <ele>120.16</ele>
   </trkpt>
   <trkpt lat="-33.95962" lon="25.51347">
    <ele>117.95000000000002</ele>
   </trkpt>
   <trkpt lat="-33.959450000000004" lon="25.513790000000004">
    <ele>116.93</ele>
   </trkpt>
   <trkpt lat="-33.95922" lon="25.51423">
    <ele>114.92</ele>
   </trkpt>
   <trkpt lat="-33.95906" lon="25.51442">
    <ele>114.29</ele>
   </trkpt>
   <trkpt lat="-33.958920000000006" lon="25.514540000000004">
    <ele>113.74000000000001</ele>
   </trkpt>
   <trkpt lat="-33.95862" lon="25.514680000000002">
    <ele>113.56</ele>
   </trkpt>
   <trkpt lat="-33.95841" lon="25.51472">
    <ele>113.61</ele>
   </trkpt>
   <trkpt lat="-33.95763" lon="25.514730000000004">
    <ele>117.98000000000002</ele>
   </trkpt>
   <trkpt lat="-33.95745" lon="25.514780000000002">
    <ele>117.98000000000002</ele>
   </trkpt>
   <trkpt lat="-33.95731" lon="25.51488">
    <ele>120.81000000000002</ele>
   </trkpt>
   <trkpt lat="-33.9572" lon="25.515">
    <ele>121.97000000000001</ele>
   </trkpt>
   <trkpt lat="-33.95685500075767" lon="25.515450001904355">
    <ele>127.02000000000002</ele>
   </trkpt>
   <trkpt lat="-33.95651" lon="25.515900000000002">
    <ele>127.56</ele>
   </trkpt>
   <trkpt lat="-33.95633" lon="25.51621">
    <ele>130.95000000000002</ele>
   </trkpt>
   <trkpt lat="-33.95613" lon="25.51668">
    <ele>132.66</ele>
   </trkpt>
   <trkpt lat="-33.95600500281251" lon="25.517515001269665">
    <ele>135.91</ele>
   </trkpt>
   <trkpt lat="-33.95588" lon="25.51835">
    <ele>137.97</ele>
   </trkpt>
   <trkpt lat="-33.95581" lon="25.518700000000003">
    <ele>139.63</ele>
   </trkpt>
   <trkpt lat="-33.95566" lon="25.519090000000002">
    <ele>139.63</ele>
   </trkpt>
   <trkpt lat="-33.95557" lon="25.519230000000004">
    <ele>141.87000000000003</ele>
   </trkpt>
   <trkpt lat="-33.95505" lon="25.519830000000002">
    <ele>143.88</ele>
   </trkpt>
   <trkpt lat="-33.95469" lon="25.52032">
    <ele>144.59000000000003</ele>
   </trkpt>
   <trkpt lat="-33.95421333750797" lon="25.521040008092495">
    <ele>144.99</ele>
   </trkpt>
   <trkpt lat="-33.953736670824135" lon="25.521760008118324">
    <ele>145.15</ele>
   </trkpt>
   <trkpt lat="-33.95326" lon="25.52248">
    <ele>145.26</ele>
   </trkpt>
   <trkpt lat="-33.952863337444725" lon="25.523193339989067">
    <ele>144.93</ele>
   </trkpt>
   <trkpt lat="-33.95246667077499" lon="25.52390667332783">
    <ele>144.08</ele>
   </trkpt>
   <trkpt lat="-33.952070000000006" lon="25.524620000000002">
    <ele>144.22</ele>
   </trkpt>
   <trkpt lat="-33.95196" lon="25.52476">
    <ele>144.14000000000001</ele>
   </trkpt>
   <trkpt lat="-33.95169" lon="25.525190000000002">
    <ele>144.0</ele>
   </trkpt>
   <trkpt lat="-33.951260000000005" lon="25.525810000000003">
    <ele>143.86</ele>
   </trkpt>
   <trkpt lat="-33.95090000118293" lon="25.526375002559">
    <ele>143.71</ele>
   </trkpt>
   <trkpt lat="-33.950540000000004" lon="25.526940000000003">
    <ele>142.65</ele>
   </trkpt>
   <trkpt lat="-33.95064" lon="25.527020000000004">
    <ele>142.43</ele>
   </trkpt>
   <trkpt lat="-33.95064" lon="25.52701">
    <ele>142.45000000000002</ele>
   </trkpt>
   <trkpt lat="-33.950540000000004" lon="25.526940000000003">
    <ele>143.1</ele>
   </trkpt>
   <trkpt lat="-33.95024" lon="25.52745">
    <ele>142.63</ele>
   </trkpt>
   <trkpt lat="-33.94975000469194" lon="25.52821000871769">
    <ele>141.70000000000002</ele>
   </trkpt>
   <trkpt lat="-33.94926000471365" lon="25.52897000868387">
    <ele>140.54</ele>
   </trkpt>
   <trkpt lat="-33.94877" lon="25.52973">
    <ele>139.0</ele>
   </trkpt>
   <trkpt lat="-33.94828000197041" lon="25.530415003840965">
    <ele>137.18000000000004</ele>
   </trkpt>
   <trkpt lat="-33.947790000000005" lon="25.531100000000002">
    <ele>135.94</ele>
   </trkpt>
   <trkpt lat="-33.94793" lon="25.531280000000002">
    <ele>135.83</ele>
   </trkpt>
   <trkpt lat="-33.94802" lon="25.531350000000003">
    <ele>135.65</ele>
   </trkpt>
   <trkpt lat="-33.94827" lon="25.531570000000002">
    <ele>134.67000000000002</ele>
   </trkpt>
   <trkpt lat="-33.94802" lon="25.531910000000003">
    <ele>134.20000000000002</ele>
   </trkpt>
   <trkpt lat="-33.94764" lon="25.532320000000002">
    <ele>132.78</ele>
   </trkpt>
   <trkpt lat="-33.94756" lon="25.53243">
    <ele>132.78</ele>
   </trkpt>
   <trkpt lat="-33.94755" lon="25.53254">
    <ele>132.69</ele>
   </trkpt>
   <trkpt lat="-33.94797500100587" lon="25.53300999777786">
    <ele>130.86</ele>
   </trkpt>
   <trkpt lat="-33.9484" lon="25.53348">
    <ele>128.04000000000002</ele>
   </trkpt>
   <trkpt lat="-33.94836" lon="25.533440000000002">
    <ele>128.26000000000002</ele>
   </trkpt>
   <trkpt lat="-33.94872000055988" lon="25.533809998441562">
    <ele>126.57000000000001</ele>
   </trkpt>
   <trkpt lat="-33.94908" lon="25.534180000000003">
    <ele>125.61</ele>
   </trkpt>
   <trkpt lat="-33.94943500080421" lon="25.534569998581194">
    <ele>126.10000000000001</ele>
   </trkpt>
   <trkpt lat="-33.94979" lon="25.53496">
    <ele>128.12</ele>
   </trkpt>
   <trkpt lat="-33.94993" lon="25.53515">
    <ele>128.64000000000001</ele>
   </trkpt>
   <trkpt lat="-33.94999" lon="25.53535">
    <ele>128.82000000000002</ele>
   </trkpt>
   <trkpt lat="-33.95002" lon="25.535510000000002">
    <ele>128.66000000000003</ele>
   </trkpt>
   <trkpt lat="-33.95015502096191" lon="25.53652832525768">
    <ele>125.69000000000003</ele>
   </trkpt>
   <trkpt lat="-33.950290033539225" lon="25.537546653746492">
    <ele>123.18</ele>
   </trkpt>
   <trkpt lat="-33.9504250377319" lon="25.53856498546626">
    <ele>121.44</ele>
   </trkpt>
   <trkpt lat="-33.95056003353983" lon="25.53958332041681">
    <ele>120.67000000000002</ele>
   </trkpt>
   <trkpt lat="-33.95069502096299" lon="25.54060165859797">
    <ele>120.22</ele>
   </trkpt>
   <trkpt lat="-33.95083" lon="25.54162">
    <ele>121.04</ele>
   </trkpt>
   <trkpt lat="-33.95116" lon="25.54134">
    <ele>120.17000000000002</ele>
   </trkpt>
   <trkpt lat="-33.95123" lon="25.54128">
    <ele>120.03000000000002</ele>
   </trkpt>
   <trkpt lat="-33.95156" lon="25.541790000000002">
    <ele>120.56000000000002</ele>
   </trkpt>
   <trkpt lat="-33.95185" lon="25.542050000000003">
    <ele>120.79</ele>
   </trkpt>
   <trkpt lat="-33.95192" lon="25.541990000000002">
    <ele>120.54</ele>
   </trkpt>
   <trkpt lat="-33.95185" lon="25.542040000000004">
    <ele>120.76</ele>
   </trkpt>
   <trkpt lat="-33.952523336012796" lon="25.54146000921362">
    <ele>119.21000000000001</ele>
   </trkpt>
   <trkpt lat="-33.953196669305584" lon="25.540880009248696">
    <ele>118.47</ele>
   </trkpt>
   <trkpt lat="-33.95387" lon="25.540300000000002">
    <ele>115.58000000000001</ele>
   </trkpt>
   <trkpt lat="-33.95396" lon="25.540260000000004">
    <ele>115.58000000000001</ele>
   </trkpt>
   <trkpt lat="-33.9542" lon="25.54022">
    <ele>115.58000000000001</ele>
   </trkpt>
   <trkpt lat="-33.95438" lon="25.540260000000004">
    <ele>113.87</ele>
   </trkpt>
   <trkpt lat="-33.95452" lon="25.54034">
    <ele>113.87</ele>
   </trkpt>
   <trkpt lat="-33.95465" lon="25.540470000000003">
    <ele>113.05000000000001</ele>
   </trkpt>
   <trkpt lat="-33.95476" lon="25.540660000000003">
    <ele>112.43</ele>
   </trkpt>
   <trkpt lat="-33.95481" lon="25.540770000000002">
    <ele>112.21000000000001</ele>
   </trkpt>
   <trkpt lat="-33.95481" lon="25.541130000000003">
    <ele>111.44000000000001</ele>
   </trkpt>
   <trkpt lat="-33.954800000000006" lon="25.54125">
    <ele>111.44000000000001</ele>
   </trkpt>
   <trkpt lat="-33.954800000000006" lon="25.541220000000003">
    <ele>111.46000000000001</ele>
   </trkpt>
   <trkpt lat="-33.95474" lon="25.541710000000002">
    <ele>110.45</ele>
   </trkpt>
   <trkpt lat="-33.95467" lon="25.541970000000003">
    <ele>110.08000000000001</ele>
   </trkpt>
   <trkpt lat="-33.95421500248991" lon="25.542755004200107">
    <ele>108.48</ele>
   </trkpt>
   <trkpt lat="-33.95376" lon="25.543540000000004">
    <ele>108.01</ele>
   </trkpt>
   <trkpt lat="-33.953417508356935" lon="25.544370010018767">
    <ele>109.91000000000001</ele>
   </trkpt>
   <trkpt lat="-33.953075011143405" lon="25.54520001335612">
    <ele>110.85000000000001</ele>
   </trkpt>
   <trkpt lat="-33.95273250835955" lon="25.546030010012096">
    <ele>111.82000000000001</ele>
   </trkpt>
   <trkpt lat="-33.95239" lon="25.546860000000002">
    <ele>112.26</ele>
   </trkpt>
   <trkpt lat="-33.952220000000004" lon="25.54717">
    <ele>113.12</ele>
   </trkpt>
   <trkpt lat="-33.95219" lon="25.547240000000002">
    <ele>113.23</ele>
   </trkpt>
   <trkpt lat="-33.951790000283985" lon="25.5469249984271">
    <ele>116.28</ele>
   </trkpt>
   <trkpt lat="-33.95139" lon="25.54661">
    <ele>117.38000000000001</ele>
   </trkpt>
   <trkpt lat="-33.950610000000005" lon="25.54672">
    <ele>119.52000000000001</ele>
   </trkpt>
   <trkpt lat="-33.950630000000004" lon="25.54672">
    <ele>119.47</ele>
   </trkpt>
   <trkpt lat="-33.95005999987194" lon="25.546790000487">
    <ele>119.13000000000001</ele>
   </trkpt>
   <trkpt lat="-33.949490000000004" lon="25.546860000000002">
    <ele>114.83000000000001</ele>
   </trkpt>
   <trkpt lat="-33.94937" lon="25.54688">
    <ele>113.80000000000001</ele>
   </trkpt>
   <trkpt lat="-33.94932000126758" lon="25.546319999668487">
    <ele>114.73</ele>
   </trkpt>
   <trkpt lat="-33.949270000000006" lon="25.54576">
    <ele>115.74000000000001</ele>
   </trkpt>
  </trkseg>
 </trk>
</gpx>
